theta2,ax,ay
0.012566,-172.365750,-149.383606
0.025133,-184.978044,-149.137683
0.037699,-197.167174,-148.365626
0.050265,-208.882027,-147.098295
0.062832,-220.076581,-145.370009
0.075398,-230.710278,-143.217973
0.087965,-240.748296,-140.681673
0.100531,-250.161714,-137.802263
0.113097,-258.927572,-134.621959
0.125664,-267.028839,-131.183451
0.138230,-274.454287,-127.529338
0.150796,-281.198277,-123.701616
0.163363,-287.260484,-119.741195
0.175929,-292.645552,-115.687485
0.188496,-297.362701,-111.578034
0.201062,-301.425304,-107.448221
0.213628,-304.850425,-103.331016
0.226195,-307.658360,-99.256798
0.238761,-309.872158,-95.253228
0.251327,-311.517155,-91.345178
0.263894,-312.620525,-87.554701
0.276460,-313.210839,-83.901061
0.289027,-313.317664,-80.400782
0.301593,-312.971179,-77.067745
0.314159,-312.201832,-73.913300
0.326726,-311.040030,-70.946412
0.339292,-309.515862,-68.173815
0.351858,-307.658861,-65.600173
0.364425,-305.497800,-63.228263
0.376991,-303.060516,-61.059147
0.389557,-300.373778,-59.092352
0.402124,-297.463173,-57.326042
0.414690,-294.353023,-55.757187
0.427257,-291.066332,-54.381728
0.439823,-287.624743,-53.194726
0.452389,-284.048529,-52.190504
0.464956,-280.356589,-51.362784
0.477522,-276.566463,-50.704808
0.490088,-272.694361,-50.209444
0.502655,-268.755198,-49.869291
0.515221,-264.762642,-49.676766
0.527788,-260.729160,-49.624183
0.540354,-256.666078,-49.703824
0.552920,-252.583639,-49.907994
0.565487,-248.491064,-50.229080
0.578053,-244.396613,-50.659589
0.590619,-240.307648,-51.192188
0.603186,-236.230697,-51.819730
0.615752,-232.171510,-52.535282
0.628319,-228.135122,-53.332144
0.640885,-224.125905,-54.203859
0.653451,-220.147628,-55.144228
0.666018,-216.203504,-56.147315
0.678584,-212.296243,-57.207448
0.691150,-208.428093,-58.319224
0.703717,-204.600890,-59.477505
0.716283,-200.816094,-60.677417
0.728849,-197.074827,-61.914341
0.741416,-193.377911,-63.183911
0.753982,-189.725899,-64.482007
0.766549,-186.119104,-65.804743
0.779115,-182.557627,-67.148463
0.791681,-179.041385,-68.509730
0.804248,-175.570131,-69.885317
0.816814,-172.143475,-71.272197
0.829380,-168.760907,-72.667536
0.841947,-165.421811,-74.068679
0.854513,-162.125481,-75.473147
0.867080,-158.871137,-76.878622
0.879646,-155.657937,-78.282941
0.892212,-152.484988,-79.684087
0.904779,-149.351359,-81.080182
0.917345,-146.256086,-82.469476
0.929911,-143.198182,-83.850341
0.942478,-140.176648,-85.221263
0.955044,-137.190474,-86.580835
0.967611,-134.238648,-87.927752
0.980177,-131.320160,-89.260802
0.992743,-128.434006,-90.578861
1.005310,-125.579192,-91.880888
1.017876,-122.754740,-93.165918
1.030442,-119.959687,-94.433057
1.043009,-117.193088,-95.681481
1.055575,-114.454021,-96.910425
1.068142,-111.741586,-98.119184
1.080708,-109.054907,-99.307107
1.093274,-106.393134,-100.473592
1.105841,-103.755442,-101.618085
1.118407,-101.141035,-102.740077
1.130973,-98.549142,-103.839097
1.143540,-95.979023,-104.914712
1.156106,-93.429963,-105.966526
1.168672,-90.901277,-106.994173
1.181239,-88.392308,-107.997320
1.193805,-85.902425,-108.975658
1.206372,-83.431029,-109.928908
1.218938,-80.977544,-110.856812
1.231504,-78.541424,-111.759138
1.244071,-76.122148,-112.635670
1.256637,-73.719224,-113.486214
1.269203,-71.332181,-114.310595
1.281770,-68.960579,-115.108652
1.294336,-66.603999,-115.880239
1.306903,-64.262047,-116.625228
1.319469,-61.934353,-117.343499
1.332035,-59.620571,-118.034948
1.344602,-57.320376,-118.699480
1.357168,-55.033466,-119.337012
1.369734,-52.759560,-119.947470
1.382301,-50.498396,-120.530787
1.394867,-48.249736,-121.086908
1.407434,-46.013358,-121.615781
1.420000,-43.789062,-122.117366
1.432566,-41.576664,-122.591626
1.445133,-39.375999,-123.038530
1.457699,-37.186921,-123.458055
1.470265,-35.009299,-123.850179
1.482832,-32.843018,-124.214889
1.495398,-30.687980,-124.552174
1.507964,-28.544104,-124.862025
1.520531,-26.411321,-125.144441
1.533097,-24.289579,-125.399420
1.545664,-22.178838,-125.626965
1.558230,-20.079075,-125.827081
1.570796,-17.990277,-125.999775
1.583363,-15.912445,-126.145057
1.595929,-13.845595,-126.262939
1.608495,-11.789751,-126.353432
1.621062,-9.744954,-126.416550
1.633628,-7.711252,-126.452309
1.646195,-5.688707,-126.460725
1.658761,-3.677391,-126.441813
1.671327,-1.677389,-126.395591
1.683894,0.311206,-126.322075
1.696460,2.288290,-126.221282
1.709026,4.253747,-126.093228
1.721593,6.207454,-125.937930
1.734159,8.149275,-125.755402
1.746726,10.079066,-125.545660
1.759292,11.996673,-125.308714
1.771858,13.901934,-125.044578
1.784425,15.794675,-124.753261
1.796991,17.674714,-124.434770
1.809557,19.541861,-124.089112
1.822124,21.395914,-123.716288
1.834690,23.236665,-123.316300
1.847256,25.063893,-122.889145
1.859823,26.877372,-122.434816
1.872389,28.676863,-121.953303
1.884956,30.462120,-121.444592
1.897522,32.232886,-120.908665
1.910088,33.988896,-120.345499
1.922655,35.729873,-119.755064
1.935221,37.455533,-119.137327
1.947787,39.165579,-118.492248
1.960354,40.859705,-117.819781
1.972920,42.537595,-117.119871
1.985487,44.198920,-116.392457
1.998053,45.843342,-115.637472
2.010619,47.470509,-114.854837
2.023186,49.080060,-114.044466
2.035752,50.671618,-113.206263
2.048318,52.244797,-112.340120
2.060885,53.799193,-111.445921
2.073451,55.334391,-110.523535
2.086018,56.849961,-109.572821
2.098584,58.345457,-108.593623
2.111150,59.820418,-107.585773
2.123717,61.274364,-106.549085
2.136283,62.706800,-105.483359
2.148849,64.117211,-104.388380
2.161416,65.505063,-103.263910
2.173982,66.869801,-102.109698
2.186548,68.210851,-100.925470
2.199115,69.527612,-99.710930
2.211681,70.819464,-98.465763
2.224248,72.085759,-97.189629
2.236814,73.325823,-95.882163
2.249380,74.538955,-94.542974
2.261947,75.724425,-93.171646
2.274513,76.881470,-91.767733
2.287079,78.009297,-90.330758
2.299646,79.107078,-88.860217
2.312212,80.173949,-87.355569
2.324779,81.209008,-85.816242
2.337345,82.211314,-84.241628
2.349911,83.179882,-82.631082
2.362478,84.113685,-80.983924
2.375044,85.011651,-79.299433
2.387610,85.872658,-77.576849
2.400177,86.695535,-75.815370
2.412743,87.479058,-74.014156
2.425310,88.221948,-72.172323
2.437876,88.922871,-70.288945
2.450442,89.580435,-68.363056
2.463009,90.193184,-66.393646
2.475575,90.759603,-64.379668
2.488141,91.278113,-62.320034
2.500708,91.747071,-60.213623
2.513274,92.164765,-58.059276
2.525840,92.529422,-55.855810
2.538407,92.839199,-53.602015
2.550973,93.092192,-51.296663
2.563540,93.286432,-48.938517
2.576106,93.419889,-46.526339
2.588672,93.490479,-44.058901
2.601239,93.496065,-41.534996
2.613805,93.434466,-38.953460
2.626371,93.303463,-36.313181
2.638938,93.100816,-33.613126
2.651504,92.824267,-30.852365
2.664071,92.471563,-28.030092
2.676637,92.040474,-25.145664
2.689203,91.528809,-22.198629
2.701770,90.934448,-19.188772
2.714336,90.255366,-16.116149
2.726902,89.489669,-12.981145
2.739469,88.635631,-9.784521
2.752035,87.691737,-6.527471
2.764602,86.656731,-3.211684
2.777168,85.529666,0.160589
2.789734,84.309964,3.586468
2.802301,82.997477,7.062375
2.814867,81.592554,10.583956
2.827433,80.096107,14.146017
2.840000,78.509689,17.742447
2.852566,76.835564,21.366157
2.865133,75.076780,25.009021
2.877699,73.237244,28.661824
2.890265,71.321784,32.314233
2.902832,69.336209,35.954775
2.915398,67.287359,39.570843
2.927964,65.183139,43.148723
2.940531,63.032537,46.673652
2.953097,60.845617,50.129909
2.965663,58.633498,53.500937
2.978230,56.408291,56.769507
2.990796,54.183021,59.917915
3.003363,51.971508,62.928219
3.015929,49.788220,65.782510
3.028495,47.648094,68.463208
3.041062,45.566330,70.953388
3.053628,43.558157,73.237113
3.066194,41.638586,75.299780
3.078761,39.822141,77.128452
3.091327,38.122594,78.712172
3.103894,36.552702,80.042249
3.116460,35.123959,81.112499
3.129026,33.846366,81.919425
3.141593,32.728244,82.462344
3.154159,31.776078,82.743436
3.166725,30.994409,82.767724
3.179292,30.385778,82.542985
3.191858,29.950716,82.079584
3.204425,29.687793,81.390252
3.216991,29.593704,80.489806
3.229557,29.663403,79.394837
3.242124,29.890275,78.123355
3.254690,30.266330,76.694429
3.267256,30.782418,75.127818
3.279823,31.428460,73.443614
3.292389,32.193677,71.661906
3.304955,33.066813,69.802466
3.317522,34.036350,67.884476
3.330088,35.090710,65.926294
3.342655,36.218425,63.945260
3.355221,37.408301,61.957543
3.367787,38.649541,59.978033
3.380354,39.931855,58.020272
3.392920,41.245540,56.096413
3.405486,42.581544,54.217222
3.418053,43.931501,52.392092
3.430619,45.287751,50.629097
3.443186,46.643350,48.935043
3.455752,47.992058,47.315551
3.468318,49.328320,45.775135
3.480885,50.647240,44.317295
3.493451,51.944543,42.944606
3.506017,53.216540,41.658816
3.518584,54.460085,40.460931
3.531150,55.672530,39.351308
3.543717,56.851683,38.329736
3.556283,57.995766,37.395513
3.568849,59.103369,36.547521
3.581416,60.173415,35.784294
3.593982,61.205119,35.104071
3.606548,62.197953,34.504860
3.619115,63.151615,33.984480
3.631681,64.065999,33.540605
3.644247,64.941165,33.170803
3.656814,65.777316,32.872569
3.669380,66.574778,32.643351
3.681947,67.333976,32.480577
3.694513,68.055421,32.381674
3.707079,68.739689,32.344085
3.719646,69.387413,32.365287
3.732212,69.999266,32.442796
3.744778,70.575957,32.574183
3.757345,71.118214,32.757080
3.769911,71.626784,32.989182
3.782478,72.102421,33.268256
3.795044,72.545883,33.592145
3.807610,72.957928,33.958763
3.820177,73.339308,34.366105
3.832743,73.690767,34.812240
3.845309,74.013040,35.295316
3.857876,74.306847,35.813556
3.870442,74.572895,36.365258
3.883009,74.811877,36.948794
3.895575,75.024466,37.562608
3.908141,75.211322,38.205213
3.920708,75.373085,38.875190
3.933274,75.510381,39.571183
3.945840,75.623814,40.291903
3.958407,75.713974,41.036118
3.970973,75.781435,41.802657
3.983539,75.826752,42.590402
3.996106,75.850466,43.398292
4.008672,75.853101,44.225314
4.021239,75.835169,45.070506
4.033805,75.797163,45.932953
4.046371,75.739568,46.811783
4.058938,75.662852,47.706169
4.071504,75.567474,48.615323
4.084070,75.453879,49.538497
4.096637,75.322502,50.474981
4.109203,75.173769,51.424097
4.121770,75.008096,52.385205
4.134336,74.825889,53.357696
4.146902,74.627549,54.340989
4.159469,74.413466,55.334536
4.172035,74.184028,56.337816
4.184601,73.939612,57.350333
4.197168,73.680593,58.371619
4.209734,73.407340,59.401228
4.222301,73.120217,60.438741
4.234867,72.819588,61.483758
4.247433,72.505809,62.535901
4.260000,72.179238,63.594813
4.272566,71.840229,64.660158
4.285132,71.489133,65.731615
4.297699,71.126305,66.808886
4.310265,70.752096,67.891686
4.322831,70.366858,68.979748
4.335398,69.970944,70.072823
4.347964,69.564709,71.170674
4.360531,69.148509,72.273082
4.373097,68.722703,73.379839
4.385663,68.287652,74.490753
4.398230,67.843721,75.605645
4.410796,67.391279,76.724348
4.423362,66.930698,77.846706
4.435929,66.462356,78.972578
4.448495,65.986635,80.101832
4.461062,65.503925,81.234346
4.473628,65.014621,82.370012
4.486194,64.519123,83.508730
4.498761,64.017841,84.650408
4.511327,63.511192,85.794967
4.523893,62.999601,86.942334
4.536460,62.483500,88.092447
4.549026,61.963334,89.245251
4.561593,61.439555,90.400698
4.574159,60.912627,91.558749
4.586725,60.383024,92.719372
4.599292,59.851231,93.882540
4.611858,59.317748,95.048235
4.624424,58.783085,96.216443
4.636991,58.247766,97.387156
4.649557,57.712328,98.560370
4.662123,57.177326,99.736086
4.674690,56.643326,100.914311
4.687256,56.110912,102.095052
4.699823,55.580685,103.278321
4.712389,55.053263,104.464132
4.724955,54.529282,105.652499
4.737522,54.009395,106.843440
4.750088,53.494276,108.036971
4.762654,52.984620,109.233107
4.775221,52.481142,110.431863
4.787787,51.984578,111.633251
4.800354,51.495687,112.837279
4.812920,51.015253,114.043952
4.825486,50.544082,115.253269
4.838053,50.083006,116.465221
4.850619,49.632882,117.679793
4.863185,49.194595,118.896960
4.875752,48.769057,120.116685
4.888318,48.357207,121.338921
4.900885,47.960014,122.563605
4.913451,47.578479,123.790658
4.926017,47.213630,125.019984
4.938584,46.866529,126.251466
4.951150,46.538269,127.484966
4.963716,46.229978,128.720319
4.976283,45.942814,129.957335
4.988849,45.677974,131.195793
5.001416,45.436686,132.435437
5.013982,45.220215,133.675978
5.026548,45.029861,134.917083
5.039115,44.866961,136.158381
5.051681,44.732887,137.399447
5.064247,44.629048,138.639811
5.076814,44.556890,139.878941
5.089380,44.517893,141.116249
5.101946,44.513573,142.351079
5.114513,44.545482,143.582703
5.127079,44.615205,144.810317
5.139646,44.724358,146.033035
5.152212,44.874591,147.249881
5.164778,45.067580,148.459782
5.177345,45.305030,149.661563
5.189911,45.588669,150.853937
5.202477,45.920246,152.035499
5.215044,46.301528,153.204716
5.227610,46.734294,154.359919
5.240177,47.220329,155.499296
5.252743,47.761424,156.620877
5.265309,48.359361,157.722529
5.277876,49.015913,158.801942
5.290442,49.732831,159.856621
5.303008,50.511838,160.883874
5.315575,51.354615,161.880798
5.328141,52.262792,162.844270
5.340708,53.237933,163.770935
5.353274,54.281523,164.657191
5.365840,55.394953,165.499179
5.378407,56.579497,166.292768
5.390973,57.836299,167.033547
5.403539,59.166349,167.716806
5.416106,60.570459,168.337532
5.428672,62.049236,168.890389
5.441238,63.603061,169.369715
5.453805,65.232051,169.769505
5.466371,66.936030,170.083408
5.478938,68.714496,170.304713
5.491504,70.566581,170.426349
5.504070,72.491011,170.440877
5.516637,74.486064,170.340490
5.529203,76.549523,170.117011
5.541769,78.678632,169.761902
5.554336,80.870039,169.266264
5.566902,83.119750,168.620856
5.579469,85.423069,167.816107
5.592035,87.774541,166.842138
5.604601,90.167898,165.688789
5.617168,92.595993,164.345653
5.629734,95.050745,162.802117
5.642300,97.523076,161.047407
5.654867,100.002851,159.070649
5.667433,102.478823,156.860930
5.680000,104.938575,154.407378
5.692566,107.368470,151.699242
5.705132,109.753606,148.725989
5.717699,112.077777,145.477415
5.730265,114.323442,141.943755
5.742831,116.471704,138.115819
5.755398,118.502302,133.985129
5.767964,120.393619,129.544069
5.780530,122.122703,124.786050
5.793097,123.665310,119.705677
5.805663,124.995963,114.298931
5.818230,126.088043,108.563354
5.830796,126.913895,102.498237
5.843362,127.444972,96.104814
5.855929,127.652001,89.386452
5.868495,127.505180,82.348840
5.881061,126.974416,75.000168
5.893628,126.029582,67.351291
5.906194,124.640820,59.415881
5.918761,122.778866,51.210557
5.931327,120.415412,42.754982
5.943893,117.523488,34.071933
5.956460,114.077878,25.187331
5.969026,110.055548,16.130232
5.981592,105.436088,6.932761
5.994159,100.202165,-2.369997
6.006725,94.339967,-11.740168
6.019292,87.839646,-21.137314
6.031858,80.695729,-30.518718
6.044424,72.907511,-39.839735
6.056991,64.479393,-49.054194
6.069557,55.421174,-58.114854
6.082123,45.748281,-66.973921
6.094690,35.481918,-75.583590
6.107256,24.649139,-83.896639
6.119822,13.282824,-91.867033
6.132389,1.421563,-99.450548
6.144955,-10.890563,-106.605389
6.157522,-23.604298,-113.292795
6.170088,-36.665635,-119.477613
6.182654,-50.016323,-125.128830
6.195221,-63.594475,-130.220048
6.207787,-77.335242,-134.729884
6.220353,-91.171558,-138.642297
6.232920,-105.034935,-141.946819
6.245486,-118.856286,-144.638690
6.258053,-132.566772,-146.718901
6.270619,-146.098636,-148.194121
6.283185,-159.386021,-149.076540
6.295752,-172.365750,-149.383606
6.308318,-184.978044,-149.137683
6.320884,-197.167174,-148.365626
6.333451,-208.882027,-147.098295
6.346017,-220.076581,-145.370009
6.358584,-230.710278,-143.217973
6.371150,-240.748296,-140.681673
6.383716,-250.161714,-137.802263
6.396283,-258.927572,-134.621959
6.408849,-267.028839,-131.183451
6.421415,-274.454287,-127.529338
6.433982,-281.198277,-123.701616
6.446548,-287.260484,-119.741195
6.459114,-292.645552,-115.687485
6.471681,-297.362701,-111.578034
6.484247,-301.425304,-107.448221
6.496814,-304.850425,-103.331016
6.509380,-307.658360,-99.256798
6.521946,-309.872158,-95.253228
6.534513,-311.517155,-91.345178
6.547079,-312.620525,-87.554701
6.559645,-313.210839,-83.901061
6.572212,-313.317664,-80.400782
6.584778,-312.971179,-77.067745
6.597345,-312.201832,-73.913300
6.609911,-311.040030,-70.946412
6.622477,-309.515862,-68.173815
6.635044,-307.658861,-65.600173
6.647610,-305.497800,-63.228263
6.660176,-303.060516,-61.059147
6.672743,-300.373778,-59.092352
6.685309,-297.463173,-57.326042
6.697876,-294.353023,-55.757187
6.710442,-291.066332,-54.381728
6.723008,-287.624743,-53.194726
6.735575,-284.048529,-52.190504
6.748141,-280.356589,-51.362784
6.760707,-276.566463,-50.704808
6.773274,-272.694361,-50.209444
6.785840,-268.755198,-49.869291
6.798407,-264.762642,-49.676766
6.810973,-260.729160,-49.624183
6.823539,-256.666078,-49.703824
6.836106,-252.583639,-49.907994
6.848672,-248.491064,-50.229080
6.861238,-244.396613,-50.659589
6.873805,-240.307648,-51.192188
6.886371,-236.230697,-51.819730
6.898937,-232.171510,-52.535282
6.911504,-228.135122,-53.332144
6.924070,-224.125905,-54.203859
6.936637,-220.147628,-55.144228
6.949203,-216.203504,-56.147315
6.961769,-212.296243,-57.207448
6.974336,-208.428093,-58.319224
6.986902,-204.600890,-59.477505
6.999468,-200.816094,-60.677417
7.012035,-197.074827,-61.914341
7.024601,-193.377911,-63.183911
7.037168,-189.725899,-64.482007
7.049734,-186.119104,-65.804743
7.062300,-182.557627,-67.148463
7.074867,-179.041385,-68.509730
7.087433,-175.570131,-69.885317
7.099999,-172.143475,-71.272197
7.112566,-168.760907,-72.667536
7.125132,-165.421811,-74.068679
7.137699,-162.125481,-75.473147
7.150265,-158.871137,-76.878622
7.162831,-155.657937,-78.282941
7.175398,-152.484989,-79.684087
7.187964,-149.351359,-81.080182
7.200530,-146.256086,-82.469476
7.213097,-143.198182,-83.850341
7.225663,-140.176648,-85.221263
7.238229,-137.190474,-86.580835
7.250796,-134.238648,-87.927752
7.263362,-131.320160,-89.260802
7.275929,-128.434006,-90.578861
7.288495,-125.579192,-91.880888
7.301061,-122.754740,-93.165918
7.313628,-119.959687,-94.433057
7.326194,-117.193088,-95.681481
7.338760,-114.454021,-96.910425
7.351327,-111.741586,-98.119184
7.363893,-109.054907,-99.307107
7.376460,-106.393134,-100.473592
7.389026,-103.755442,-101.618085
7.401592,-101.141035,-102.740077
7.414159,-98.549142,-103.839097
7.426725,-95.979023,-104.914712
7.439291,-93.429963,-105.966526
7.451858,-90.901277,-106.994173
7.464424,-88.392308,-107.997320
7.476991,-85.902425,-108.975658
7.489557,-83.431029,-109.928908
7.502123,-80.977544,-110.856812
7.514690,-78.541424,-111.759138
7.527256,-76.122148,-112.635670
7.539822,-73.719224,-113.486214
7.552389,-71.332181,-114.310595
7.564955,-68.960579,-115.108652
7.577521,-66.603999,-115.880239
7.590088,-64.262047,-116.625228
7.602654,-61.934353,-117.343499
7.615221,-59.620571,-118.034948
7.627787,-57.320376,-118.699480
7.640353,-55.033466,-119.337012
7.652920,-52.759560,-119.947470
7.665486,-50.498396,-120.530787
7.678052,-48.249736,-121.086908
7.690619,-46.013358,-121.615781
7.703185,-43.789062,-122.117366
7.715752,-41.576664,-122.591626
7.728318,-39.375999,-123.038530
7.740884,-37.186921,-123.458055
7.753451,-35.009299,-123.850179
7.766017,-32.843018,-124.214889
7.778583,-30.687980,-124.552174
7.791150,-28.544104,-124.862025
7.803716,-26.411321,-125.144441
7.816283,-24.289579,-125.399420
7.828849,-22.178838,-125.626965
7.841415,-20.079075,-125.827081
7.853982,-17.990277,-125.999775
7.866548,-15.912445,-126.145057
7.879114,-13.845595,-126.262939
7.891681,-11.789751,-126.353432
7.904247,-9.744954,-126.416550
7.916813,-7.711252,-126.452309
7.929380,-5.688707,-126.460725
7.941946,-3.677391,-126.441813
7.954513,-1.677389,-126.395591
7.967079,0.311206,-126.322075
7.979645,2.288290,-126.221282
7.992212,4.253747,-126.093228
8.004778,6.207454,-125.937930
8.017344,8.149275,-125.755402
8.029911,10.079066,-125.545660
8.042477,11.996673,-125.308714
8.055044,13.901934,-125.044578
8.067610,15.794675,-124.753261
8.080176,17.674714,-124.434770
8.092743,19.541861,-124.089112
8.105309,21.395914,-123.716288
8.117875,23.236665,-123.316300
8.130442,25.063893,-122.889145
8.143008,26.877372,-122.434816
8.155575,28.676863,-121.953303
8.168141,30.462120,-121.444592
8.180707,32.232886,-120.908665
8.193274,33.988896,-120.345499
8.205840,35.729873,-119.755064
8.218406,37.455533,-119.137327
8.230973,39.165579,-118.492248
8.243539,40.859705,-117.819781
8.256105,42.537595,-117.119871
8.268672,44.198920,-116.392457
8.281238,45.843342,-115.637472
8.293805,47.470509,-114.854837
8.306371,49.080060,-114.044466
8.318937,50.671618,-113.206263
8.331504,52.244797,-112.340120
8.344070,53.799193,-111.445921
8.356636,55.334391,-110.523535
8.369203,56.849961,-109.572821
8.381769,58.345457,-108.593623
8.394336,59.820418,-107.585773
8.406902,61.274364,-106.549085
8.419468,62.706800,-105.483359
8.432035,64.117211,-104.388380
8.444601,65.505063,-103.263910
8.457167,66.869801,-102.109698
8.469734,68.210851,-100.925470
8.482300,69.527612,-99.710930
8.494867,70.819464,-98.465763
8.507433,72.085759,-97.189629
8.519999,73.325823,-95.882163
8.532566,74.538955,-94.542974
8.545132,75.724425,-93.171646
8.557698,76.881470,-91.767733
8.570265,78.009297,-90.330758
8.582831,79.107078,-88.860217
8.595398,80.173949,-87.355569
8.607964,81.209008,-85.816242
8.620530,82.211314,-84.241628
8.633097,83.179882,-82.631082
8.645663,84.113685,-80.983924
8.658229,85.011651,-79.299433
8.670796,85.872658,-77.576849
8.683362,86.695535,-75.815370
8.695928,87.479058,-74.014156
8.708495,88.221948,-72.172323
8.721061,88.922871,-70.288945
8.733628,89.580435,-68.363056
8.746194,90.193184,-66.393646
8.758760,90.759603,-64.379668
8.771327,91.278113,-62.320034
8.783893,91.747071,-60.213623
8.796459,92.164765,-58.059276
8.809026,92.529422,-55.855810
8.821592,92.839199,-53.602015
8.834159,93.092192,-51.296663
8.846725,93.286432,-48.938517
8.859291,93.419889,-46.526339
8.871858,93.490479,-44.058901
8.884424,93.496065,-41.534996
8.896990,93.434466,-38.953460
8.909557,93.303463,-36.313181
8.922123,93.100816,-33.613126
8.934690,92.824267,-30.852365
8.947256,92.471563,-28.030092
8.959822,92.040474,-25.145664
8.972389,91.528809,-22.198629
8.984955,90.934448,-19.188772
8.997521,90.255366,-16.116149
9.010088,89.489669,-12.981145
9.022654,88.635631,-9.784521
9.035220,87.691737,-6.527471
9.047787,86.656731,-3.211684
9.060353,85.529666,0.160589
9.072920,84.309964,3.586468
9.085486,82.997477,7.062375
9.098052,81.592554,10.583956
9.110619,80.096107,14.146017
9.123185,78.509689,17.742447
9.135751,76.835564,21.366157
9.148318,75.076780,25.009021
9.160884,73.237244,28.661824
9.173451,71.321784,32.314233
9.186017,69.336209,35.954775
9.198583,67.287359,39.570843
9.211150,65.183139,43.148723
9.223716,63.032537,46.673652
9.236282,60.845617,50.129909
9.248849,58.633498,53.500937
9.261415,56.408291,56.769507
9.273982,54.183021,59.917915
9.286548,51.971508,62.928219
9.299114,49.788220,65.782510
9.311681,47.648094,68.463208
9.324247,45.566330,70.953388
9.336813,43.558157,73.237113
9.349380,41.638586,75.299780
9.361946,39.822141,77.128452
9.374512,38.122594,78.712172
9.387079,36.552702,80.042249
9.399645,35.123959,81.112499
9.412212,33.846366,81.919425
9.424778,32.728244,82.462344
9.437344,31.776078,82.743436
9.449911,30.994409,82.767724
9.462477,30.385778,82.542985
9.475043,29.950716,82.079584
9.487610,29.687793,81.390252
9.500176,29.593704,80.489806
9.512743,29.663403,79.394837
9.525309,29.890275,78.123355
9.537875,30.266330,76.694429
9.550442,30.782418,75.127818
9.563008,31.428460,73.443614
9.575574,32.193677,71.661906
9.588141,33.066813,69.802466
9.600707,34.036350,67.884476
9.613274,35.090710,65.926294
9.625840,36.218425,63.945260
9.638406,37.408301,61.957543
9.650973,38.649541,59.978033
9.663539,39.931855,58.020272
9.676105,41.245540,56.096413
9.688672,42.581544,54.217222
9.701238,43.931501,52.392092
9.713804,45.287751,50.629097
9.726371,46.643350,48.935043
9.738937,47.992058,47.315551
9.751504,49.328320,45.775135
9.764070,50.647240,44.317295
9.776636,51.944543,42.944606
9.789203,53.216540,41.658816
9.801769,54.460085,40.460931
9.814335,55.672530,39.351308
9.826902,56.851683,38.329736
9.839468,57.995766,37.395513
9.852035,59.103369,36.547521
9.864601,60.173415,35.784294
9.877167,61.205119,35.104071
9.889734,62.197953,34.504860
9.902300,63.151615,33.984480
9.914866,64.065999,33.540605
9.927433,64.941165,33.170803
9.939999,65.777316,32.872569
9.952566,66.574778,32.643351
9.965132,67.333976,32.480577
9.977698,68.055421,32.381674
9.990265,68.739689,32.344085
10.002831,69.387413,32.365287
10.015397,69.999266,32.442796
10.027964,70.575957,32.574183
10.040530,71.118214,32.757080
10.053096,71.626784,32.989182
10.065663,72.102421,33.268256
10.078229,72.545883,33.592145
10.090796,72.957928,33.958763
10.103362,73.339308,34.366105
10.115928,73.690767,34.812240
10.128495,74.013040,35.295316
10.141061,74.306847,35.813556
10.153627,74.572895,36.365258
10.166194,74.811877,36.948794
10.178760,75.024466,37.562608
10.191327,75.211322,38.205213
10.203893,75.373085,38.875190
10.216459,75.510381,39.571183
10.229026,75.623814,40.291903
10.241592,75.713974,41.036118
10.254158,75.781435,41.802657
10.266725,75.826752,42.590402
10.279291,75.850466,43.398292
10.291858,75.853101,44.225314
10.304424,75.835169,45.070506
10.316990,75.797163,45.932953
10.329557,75.739568,46.811783
10.342123,75.662852,47.706169
10.354689,75.567474,48.615323
10.367256,75.453879,49.538497
10.379822,75.322502,50.474981
10.392388,75.173769,51.424097
10.404955,75.008096,52.385205
10.417521,74.825889,53.357696
10.430088,74.627549,54.340989
10.442654,74.413466,55.334536
10.455220,74.184028,56.337816
10.467787,73.939612,57.350333
10.480353,73.680593,58.371619
10.492919,73.407340,59.401228
10.505486,73.120217,60.438741
10.518052,72.819588,61.483758
10.530619,72.505809,62.535901
10.543185,72.179238,63.594813
10.555751,71.840229,64.660158
10.568318,71.489133,65.731615
10.580884,71.126305,66.808886
10.593450,70.752096,67.891686
10.606017,70.366858,68.979748
10.618583,69.970944,70.072823
10.631150,69.564709,71.170674
10.643716,69.148509,72.273082
10.656282,68.722703,73.379839
10.668849,68.287652,74.490753
10.681415,67.843721,75.605645
10.693981,67.391279,76.724348
10.706548,66.930698,77.846706
10.719114,66.462356,78.972578
10.731681,65.986635,80.101832
10.744247,65.503925,81.234346
10.756813,65.014621,82.370012
10.769380,64.519123,83.508730
10.781946,64.017841,84.650408
10.794512,63.511192,85.794967
10.807079,62.999601,86.942334
10.819645,62.483500,88.092447
10.832211,61.963334,89.245251
10.844778,61.439555,90.400698
10.857344,60.912627,91.558749
10.869911,60.383024,92.719372
10.882477,59.851231,93.882540
10.895043,59.317748,95.048235
10.907610,58.783085,96.216443
10.920176,58.247766,97.387156
10.932742,57.712328,98.560370
10.945309,57.177326,99.736086
10.957875,56.643326,100.914311
10.970442,56.110912,102.095052
10.983008,55.580685,103.278321
10.995574,55.053263,104.464132
11.008141,54.529282,105.652499
11.020707,54.009395,106.843440
11.033273,53.494276,108.036971
11.045840,52.984620,109.233107
11.058406,52.481142,110.431863
11.070973,51.984578,111.633251
11.083539,51.495687,112.837279
11.096105,51.015253,114.043952
11.108672,50.544082,115.253269
11.121238,50.083006,116.465221
11.133804,49.632882,117.679793
11.146371,49.194595,118.896960
11.158937,48.769057,120.116685
11.171503,48.357207,121.338921
11.184070,47.960014,122.563605
11.196636,47.578479,123.790658
11.209203,47.213630,125.019984
11.221769,46.866529,126.251466
11.234335,46.538269,127.484966
11.246902,46.229978,128.720319
11.259468,45.942814,129.957335
11.272034,45.677974,131.195793
11.284601,45.436686,132.435437
11.297167,45.220215,133.675978
11.309734,45.029861,134.917083
11.322300,44.866961,136.158381
11.334866,44.732887,137.399447
11.347433,44.629048,138.639811
11.359999,44.556890,139.878941
11.372565,44.517893,141.116249
11.385132,44.513573,142.351079
11.397698,44.545482,143.582703
11.410265,44.615205,144.810317
11.422831,44.724358,146.033035
11.435397,44.874591,147.249881
11.447964,45.067580,148.459782
11.460530,45.305030,149.661563
11.473096,45.588669,150.853937
11.485663,45.920246,152.035499
11.498229,46.301528,153.204716
11.510795,46.734294,154.359919
11.523362,47.220329,155.499296
11.535928,47.761424,156.620877
11.548495,48.359361,157.722529
11.561061,49.015913,158.801942
11.573627,49.732831,159.856621
11.586194,50.511838,160.883874
11.598760,51.354615,161.880798
11.611326,52.262792,162.844270
11.623893,53.237933,163.770935
11.636459,54.281523,164.657191
11.649026,55.394953,165.499179
11.661592,56.579497,166.292768
11.674158,57.836299,167.033547
11.686725,59.166349,167.716806
11.699291,60.570459,168.337532
11.711857,62.049236,168.890389
11.724424,63.603061,169.369715
11.736990,65.232051,169.769505
11.749557,66.936030,170.083408
11.762123,68.714496,170.304713
11.774689,70.566581,170.426349
11.787256,72.491011,170.440877
11.799822,74.486064,170.340490
11.812388,76.549523,170.117011
11.824955,78.678632,169.761902
11.837521,80.870039,169.266264
11.850087,83.119750,168.620856
11.862654,85.423069,167.816107
11.875220,87.774541,166.842138
11.887787,90.167898,165.688789
11.900353,92.595993,164.345653
11.912919,95.050745,162.802117
11.925486,97.523076,161.047407
11.938052,100.002851,159.070649
11.950618,102.478823,156.860930
11.963185,104.938575,154.407378
11.975751,107.368470,151.699242
11.988318,109.753606,148.725989
12.000884,112.077777,145.477415
12.013450,114.323442,141.943755
12.026017,116.471704,138.115819
12.038583,118.502302,133.985129
12.051149,120.393619,129.544069
12.063716,122.122703,124.786050
12.076282,123.665310,119.705677
12.088849,124.995963,114.298931
12.101415,126.088043,108.563354
12.113981,126.913895,102.498237
12.126548,127.444972,96.104814
12.139114,127.652001,89.386452
12.151680,127.505180,82.348840
12.164247,126.974416,75.000168
12.176813,126.029582,67.351291
12.189379,124.640820,59.415881
12.201946,122.778866,51.210557
12.214512,120.415412,42.754982
12.227079,117.523488,34.071933
12.239645,114.077878,25.187331
12.252211,110.055548,16.130232
12.264778,105.436088,6.932761
12.277344,100.202165,-2.369997
12.289910,94.339967,-11.740168
12.302477,87.839646,-21.137314
12.315043,80.695729,-30.518718
12.327610,72.907511,-39.839735
12.340176,64.479393,-49.054194
12.352742,55.421174,-58.114854
12.365309,45.748281,-66.973921
12.377875,35.481918,-75.583590
12.390441,24.649139,-83.896639
12.403008,13.282824,-91.867033
12.415574,1.421563,-99.450548
12.428141,-10.890563,-106.605389
12.440707,-23.604298,-113.292795
12.453273,-36.665635,-119.477613
12.465840,-50.016323,-125.128830
12.478406,-63.594475,-130.220048
12.490972,-77.335242,-134.729884
12.503539,-91.171558,-138.642297
12.516105,-105.034935,-141.946819
12.528672,-118.856286,-144.638690
12.541238,-132.566772,-146.718901
