theta2_deg,theta3_deg
0.000000,52.294199
0.360000,51.934294
0.720000,51.574636
1.080000,51.215307
1.440000,50.856392
1.800000,50.497971
2.160000,50.140125
2.520000,49.782932
2.880000,49.426472
3.240000,49.070819
3.600000,48.716048
3.960000,48.362234
4.320000,48.009446
4.680000,47.657756
5.040000,47.307232
5.400000,46.957939
5.760000,46.609943
6.120000,46.263306
6.480000,45.918090
6.840000,45.574354
7.200000,45.232154
7.560000,44.891547
7.920000,44.552584
8.280000,44.215319
8.640000,43.879800
9.000000,43.546074
9.360000,43.214188
9.720000,42.884184
10.080000,42.556105
10.440000,42.229989
10.800000,41.905875
11.160000,41.583797
11.520000,41.263791
11.880000,40.945887
12.240000,40.630116
12.600000,40.316506
12.960000,40.005084
13.320000,39.695873
13.680000,39.388897
14.040000,39.084176
14.400000,38.781730
14.760000,38.481577
15.120000,38.183732
15.480000,37.888210
15.840000,37.595025
16.200000,37.304186
16.560000,37.015705
16.920000,36.729589
17.280000,36.445846
17.640000,36.164481
18.000000,35.885499
18.360000,35.608903
18.720000,35.334694
19.080000,35.062874
19.440000,34.793442
19.800000,34.526396
20.160000,34.261733
20.520000,33.999451
20.880000,33.739545
21.240000,33.482008
21.600000,33.226834
21.960000,32.974017
22.320000,32.723548
22.680000,32.475418
23.040000,32.229617
23.400000,31.986135
23.760000,31.744961
24.120000,31.506083
24.480000,31.269489
24.840000,31.035166
25.200000,30.803101
25.560000,30.573279
25.920000,30.345687
26.280000,30.120309
26.640000,29.897131
27.000000,29.676136
27.360000,29.457308
27.720000,29.240632
28.080000,29.026089
28.440000,28.813665
28.800000,28.603341
29.160000,28.395099
29.520000,28.188923
29.880000,27.984794
30.240000,27.782694
30.600000,27.582606
30.960000,27.384510
31.320000,27.188388
31.680000,26.994222
32.040000,26.801993
32.400000,26.611682
32.760000,26.423270
33.120000,26.236739
33.480000,26.052071
33.840000,25.869244
34.200000,25.688243
34.560000,25.509046
34.920000,25.331635
35.280000,25.155993
35.640000,24.982099
36.000000,24.809935
36.360000,24.639482
36.720000,24.470723
37.080000,24.303637
37.440000,24.138208
37.800000,23.974416
38.160000,23.812244
38.520000,23.651672
38.880000,23.492684
39.240000,23.335261
39.600000,23.179386
39.960000,23.025041
40.320000,22.872207
40.680000,22.720869
41.040000,22.571008
41.400000,22.422608
41.760000,22.275651
42.120000,22.130121
42.480000,21.986001
42.840000,21.843275
43.200000,21.701925
43.560000,21.561937
43.920000,21.423293
44.280000,21.285978
44.640000,21.149976
45.000000,21.015272
45.360000,20.881850
45.720000,20.749695
46.080000,20.618792
46.440000,20.489126
46.800000,20.360682
47.160000,20.233445
47.520000,20.107401
47.880000,19.982536
48.240000,19.858836
48.600000,19.736287
48.960000,19.614875
49.320000,19.494586
49.680000,19.375407
50.040000,19.257325
50.400000,19.140326
50.760000,19.024398
51.120000,18.909527
51.480000,18.795702
51.840000,18.682909
52.200000,18.571137
52.560000,18.460372
52.920000,18.350604
53.280000,18.241820
53.640000,18.134009
54.000000,18.027159
54.360000,17.921258
54.720000,17.816295
55.080000,17.712260
55.440000,17.609141
55.800000,17.506928
56.160000,17.405609
56.520000,17.305174
56.880000,17.205614
57.240000,17.106916
57.600000,17.009073
57.960000,16.912072
58.320000,16.815906
58.680000,16.720563
59.040000,16.626035
59.400000,16.532312
59.760000,16.439384
60.120000,16.347242
60.480000,16.255878
60.840000,16.165283
61.200000,16.075447
61.560000,15.986361
61.920000,15.898019
62.280000,15.810409
62.640000,15.723526
63.000000,15.637360
63.360000,15.551903
63.720000,15.467147
64.080000,15.383084
64.440000,15.299708
64.800000,15.217008
65.160000,15.134980
65.520000,15.053614
65.880000,14.972904
66.240000,14.892841
66.600000,14.813421
66.960000,14.734634
67.320000,14.656474
67.680000,14.578935
68.040000,14.502009
68.400000,14.425691
68.760000,14.349972
69.120000,14.274848
69.480000,14.200311
69.840000,14.126356
70.200000,14.052975
70.560000,13.980164
70.920000,13.907915
71.280000,13.836224
71.640000,13.765084
72.000000,13.694489
72.360000,13.624434
72.720000,13.554913
73.080000,13.485921
73.440000,13.417452
73.800000,13.349501
74.160000,13.282063
74.520000,13.215132
74.880000,13.148703
75.240000,13.082772
75.600000,13.017332
75.960000,12.952380
76.320000,12.887911
76.680000,12.823919
77.040000,12.760401
77.400000,12.697351
77.760000,12.634764
78.120000,12.572637
78.480000,12.510965
78.840000,12.449744
79.200000,12.388968
79.560000,12.328635
79.920000,12.268740
80.280000,12.209278
80.640000,12.150247
81.000000,12.091641
81.360000,12.033456
81.720000,11.975690
82.080000,11.918338
82.440000,11.861396
82.800000,11.804861
83.160000,11.748729
83.520000,11.692996
83.880000,11.637660
84.240000,11.582715
84.600000,11.528160
84.960000,11.473991
85.320000,11.420204
85.680000,11.366796
86.040000,11.313764
86.400000,11.261104
86.760000,11.208815
87.120000,11.156891
87.480000,11.105332
87.840000,11.054133
88.200000,11.003291
88.560000,10.952805
88.920000,10.902670
89.280000,10.852885
89.640000,10.803446
90.000000,10.754351
90.360000,10.705598
90.720000,10.657182
91.080000,10.609103
91.440000,10.561358
91.800000,10.513943
92.160000,10.466857
92.520000,10.420098
92.880000,10.373662
93.240000,10.327548
93.600000,10.281753
93.960000,10.236276
94.320000,10.191114
94.680000,10.146265
95.040000,10.101726
95.400000,10.057497
95.760000,10.013574
96.120000,9.969956
96.480000,9.926641
96.840000,9.883627
97.200000,9.840913
97.560000,9.798495
97.920000,9.756374
98.280000,9.714546
98.640000,9.673011
99.000000,9.631766
99.360000,9.590810
99.720000,9.550141
100.080000,9.509759
100.440000,9.469660
100.800000,9.429845
101.160000,9.390311
101.520000,9.351057
101.880000,9.312082
102.240000,9.273384
102.600000,9.234963
102.960000,9.196816
103.320000,9.158943
103.680000,9.121343
104.040000,9.084014
104.400000,9.046955
104.760000,9.010166
105.120000,8.973645
105.480000,8.937391
105.840000,8.901403
106.200000,8.865681
106.560000,8.830223
106.920000,8.795029
107.280000,8.760098
107.640000,8.725428
108.000000,8.691021
108.360000,8.656874
108.720000,8.622987
109.080000,8.589359
109.440000,8.555991
109.800000,8.522880
110.160000,8.490028
110.520000,8.457433
110.880000,8.425095
111.240000,8.393013
111.600000,8.361187
111.960000,8.329618
112.320000,8.298304
112.680000,8.267245
113.040000,8.236442
113.400000,8.205894
113.760000,8.175601
114.120000,8.145562
114.480000,8.115779
114.840000,8.086250
115.200000,8.056976
115.560000,8.027958
115.920000,7.999194
116.280000,7.970686
116.640000,7.942433
117.000000,7.914437
117.360000,7.886696
117.720000,7.859212
118.080000,7.831985
118.440000,7.805016
118.800000,7.778304
119.160000,7.751851
119.520000,7.725657
119.880000,7.699722
120.240000,7.674048
120.600000,7.648635
120.960000,7.623484
121.320000,7.598596
121.680000,7.573971
122.040000,7.549612
122.400000,7.525517
122.760000,7.501690
123.120000,7.478130
123.480000,7.454840
123.840000,7.431819
124.200000,7.409070
124.560000,7.386595
124.920000,7.364393
125.280000,7.342467
125.640000,7.320818
126.000000,7.299449
126.360000,7.278359
126.720000,7.257552
127.080000,7.237030
127.440000,7.216793
127.800000,7.196844
128.160000,7.177185
128.520000,7.157817
128.880000,7.138744
129.240000,7.119968
129.600000,7.101490
129.960000,7.083312
130.320000,7.065439
130.680000,7.047871
131.040000,7.030612
131.400000,7.013665
131.760000,6.997031
132.120000,6.980715
132.480000,6.964719
132.840000,6.949045
133.200000,6.933698
133.560000,6.918681
133.920000,6.903996
134.280000,6.889648
134.640000,6.875639
135.000000,6.861974
135.360000,6.848656
135.720000,6.835690
136.080000,6.823079
136.440000,6.810827
136.800000,6.798938
137.160000,6.787418
137.520000,6.776269
137.880000,6.765498
138.240000,6.755108
138.600000,6.745105
138.960000,6.735493
139.320000,6.726278
139.680000,6.717465
140.040000,6.709059
140.400000,6.701065
140.760000,6.693491
141.120000,6.686340
141.480000,6.679620
141.840000,6.673336
142.200000,6.667496
142.560000,6.662104
142.920000,6.657168
143.280000,6.652696
143.640000,6.648693
144.000000,6.645167
144.360000,6.642126
144.720000,6.639576
145.080000,6.637526
145.440000,6.635984
145.800000,6.634958
146.160000,6.634456
146.520000,6.634487
146.880000,6.635060
147.240000,6.636183
147.600000,6.637866
147.960000,6.640119
148.320000,6.642950
148.680000,6.646371
149.040000,6.650390
149.400000,6.655020
149.760000,6.660269
150.120000,6.666150
150.480000,6.672673
150.840000,6.679851
151.200000,6.687693
151.560000,6.696214
151.920000,6.705424
152.280000,6.715337
152.640000,6.725964
153.000000,6.737321
153.360000,6.749419
153.720000,6.762273
154.080000,6.775896
154.440000,6.790304
154.800000,6.805510
155.160000,6.821529
155.520000,6.838377
155.880000,6.856070
156.240000,6.874623
156.600000,6.894052
156.960000,6.914374
157.320000,6.935606
157.680000,6.957765
158.040000,6.980869
158.400000,7.004935
158.760000,7.029981
159.120000,7.056027
159.480000,7.083090
159.840000,7.111189
160.200000,7.140345
160.560000,7.170577
160.920000,7.201904
161.280000,7.234347
161.640000,7.267927
162.000000,7.302664
162.360000,7.338580
162.720000,7.375695
163.080000,7.414032
163.440000,7.453612
163.800000,7.494457
164.160000,7.536590
164.520000,7.580032
164.880000,7.624807
165.240000,7.670937
165.600000,7.718445
165.960000,7.767354
166.320000,7.817687
166.680000,7.869466
167.040000,7.922716
167.400000,7.977460
167.760000,8.033719
168.120000,8.091518
168.480000,8.150880
168.840000,8.211827
169.200000,8.274381
169.560000,8.338566
169.920000,8.404403
170.280000,8.471916
170.640000,8.541124
171.000000,8.612050
171.360000,8.684715
171.720000,8.759139
172.080000,8.835342
172.440000,8.913344
172.800000,8.993164
173.160000,9.074820
173.520000,9.158331
173.880000,9.243712
174.240000,9.330982
174.600000,9.420155
174.960000,9.511246
175.320000,9.604269
175.680000,9.699238
176.040000,9.796165
176.400000,9.895061
176.760000,9.995937
177.120000,10.098801
177.480000,10.203663
177.840000,10.310530
178.200000,10.419407
178.560000,10.530301
178.920000,10.643215
179.280000,10.758151
179.640000,10.875113
180.000000,10.994100
180.360000,11.115113
180.720000,11.238149
181.080000,11.363205
181.440000,11.490278
181.800000,11.619363
182.160000,11.750454
182.520000,11.883543
182.880000,12.018621
183.240000,12.155681
183.600000,12.294710
183.960000,12.435698
184.320000,12.578632
184.680000,12.723498
185.040000,12.870282
185.400000,13.018969
185.760000,13.169543
186.120000,13.321987
186.480000,13.476282
186.840000,13.632410
187.200000,13.790353
187.560000,13.950089
187.920000,14.111599
188.280000,14.274862
188.640000,14.439855
189.000000,14.606556
189.360000,14.774943
189.720000,14.944992
190.080000,15.116680
190.440000,15.289984
190.800000,15.464878
191.160000,15.641339
191.520000,15.819342
191.880000,15.998862
192.240000,16.179874
192.600000,16.362353
192.960000,16.546274
193.320000,16.731611
193.680000,16.918339
194.040000,17.106433
194.400000,17.295867
194.760000,17.486617
195.120000,17.678656
195.480000,17.871961
195.840000,18.066505
196.200000,18.262265
196.560000,18.459215
196.920000,18.657332
197.280000,18.856590
197.640000,19.056966
198.000000,19.258436
198.360000,19.460976
198.720000,19.664562
199.080000,19.869173
199.440000,20.074784
199.800000,20.281374
200.160000,20.488920
200.520000,20.697400
200.880000,20.906793
201.240000,21.117076
201.600000,21.328229
201.960000,21.540231
202.320000,21.753061
202.680000,21.966700
203.040000,22.181127
203.400000,22.396324
203.760000,22.612269
204.120000,22.828946
204.480000,23.046334
204.840000,23.264416
205.200000,23.483174
205.560000,23.702590
205.920000,23.922646
206.280000,24.143326
206.640000,24.364613
207.000000,24.586489
207.360000,24.808939
207.720000,25.031948
208.080000,25.255498
208.440000,25.479575
208.800000,25.704164
209.160000,25.929250
209.520000,26.154818
209.880000,26.380854
210.240000,26.607343
210.600000,26.834273
210.960000,27.061629
211.320000,27.289399
211.680000,27.517568
212.040000,27.746125
212.400000,27.975056
212.760000,28.204349
213.120000,28.433992
213.480000,28.663973
213.840000,28.894280
214.200000,29.124902
214.560000,29.355827
214.920000,29.587044
215.280000,29.818542
215.640000,30.050310
216.000000,30.282338
216.360000,30.514616
216.720000,30.747132
217.080000,30.979877
217.440000,31.212841
217.800000,31.446014
218.160000,31.679386
218.520000,31.912949
218.880000,32.146692
219.240000,32.380607
219.600000,32.614684
219.960000,32.848915
220.320000,33.083291
220.680000,33.317803
221.040000,33.552443
221.400000,33.787202
221.760000,34.022072
222.120000,34.257045
222.480000,34.492112
222.840000,34.727267
223.200000,34.962500
223.560000,35.197805
223.920000,35.433174
224.280000,35.668599
224.640000,35.904072
225.000000,36.139587
225.360000,36.375136
225.720000,36.610712
226.080000,36.846308
226.440000,37.081917
226.800000,37.317532
227.160000,37.553145
227.520000,37.788751
227.880000,38.024343
228.240000,38.259913
228.600000,38.495456
228.960000,38.730965
229.320000,38.966432
229.680000,39.201853
230.040000,39.437221
230.400000,39.672529
230.760000,39.907771
231.120000,40.142940
231.480000,40.378032
231.840000,40.613039
232.200000,40.847956
232.560000,41.082776
232.920000,41.317494
233.280000,41.552104
233.640000,41.786600
234.000000,42.020976
234.360000,42.255226
234.720000,42.489344
235.080000,42.723325
235.440000,42.957163
235.800000,43.190852
236.160000,43.424387
236.520000,43.657761
236.880000,43.890970
237.240000,44.124008
237.600000,44.356869
237.960000,44.589547
238.320000,44.822038
238.680000,45.054335
239.040000,45.286433
239.400000,45.518326
239.760000,45.750009
240.120000,45.981477
240.480000,46.212725
240.840000,46.443745
241.200000,46.674534
241.560000,46.905086
241.920000,47.135395
242.280000,47.365456
242.640000,47.595263
243.000000,47.824812
243.360000,48.054096
243.720000,48.283110
244.080000,48.511849
244.440000,48.740307
244.800000,48.968479
245.160000,49.196359
245.520000,49.423943
245.880000,49.651224
246.240000,49.878197
246.600000,50.104856
246.960000,50.331197
247.320000,50.557213
247.680000,50.782900
248.040000,51.008251
248.400000,51.233260
248.760000,51.457924
249.120000,51.682235
249.480000,51.906189
249.840000,52.129779
250.200000,52.353001
250.560000,52.575848
250.920000,52.798314
251.280000,53.020395
251.640000,53.242084
252.000000,53.463376
252.360000,53.684265
252.720000,53.904744
253.080000,54.124809
253.440000,54.344454
253.800000,54.563672
254.160000,54.782458
254.520000,55.000805
254.880000,55.218708
255.240000,55.436161
255.600000,55.653158
255.960000,55.869692
256.320000,56.085758
256.680000,56.301349
257.040000,56.516460
257.400000,56.731084
257.760000,56.945214
258.120000,57.158845
258.480000,57.371970
258.840000,57.584583
259.200000,57.796678
259.560000,58.008247
259.920000,58.219284
260.280000,58.429784
260.640000,58.639738
261.000000,58.849142
261.360000,59.057987
261.720000,59.266267
262.080000,59.473976
262.440000,59.681106
262.800000,59.887650
263.160000,60.093603
263.520000,60.298955
263.880000,60.503702
264.240000,60.707835
264.600000,60.911347
264.960000,61.114231
265.320000,61.316479
265.680000,61.518085
266.040000,61.719041
266.400000,61.919339
266.760000,62.118972
267.120000,62.317932
267.480000,62.516211
267.840000,62.713803
268.200000,62.910698
268.560000,63.106889
268.920000,63.302368
269.280000,63.497128
269.640000,63.691159
270.000000,63.884454
270.360000,64.077004
270.720000,64.268801
271.080000,64.459837
271.440000,64.650104
271.800000,64.839592
272.160000,65.028292
272.520000,65.216197
272.880000,65.403298
273.240000,65.589584
273.600000,65.775049
273.960000,65.959681
274.320000,66.143473
274.680000,66.326415
275.040000,66.508497
275.400000,66.689711
275.760000,66.870046
276.120000,67.049493
276.480000,67.228042
276.840000,67.405683
277.200000,67.582407
277.560000,67.758204
277.920000,67.933062
278.280000,68.106973
278.640000,68.279926
279.000000,68.451909
279.360000,68.622913
279.720000,68.792928
280.080000,68.961941
280.440000,69.129943
280.800000,69.296922
281.160000,69.462868
281.520000,69.627768
281.880000,69.791613
282.240000,69.954389
282.600000,70.116086
282.960000,70.276692
283.320000,70.436194
283.680000,70.594582
284.040000,70.751843
284.400000,70.907965
284.760000,71.062935
285.120000,71.216741
285.480000,71.369371
285.840000,71.520811
286.200000,71.671049
286.560000,71.820072
286.920000,71.967866
287.280000,72.114419
287.640000,72.259716
288.000000,72.403745
288.360000,72.546491
288.720000,72.687942
289.080000,72.828082
289.440000,72.966897
289.800000,73.104374
290.160000,73.240497
290.520000,73.375253
290.880000,73.508626
291.240000,73.640602
291.600000,73.771165
291.960000,73.900300
292.320000,74.027992
292.680000,74.154226
293.040000,74.278984
293.400000,74.402253
293.760000,74.524015
294.120000,74.644254
294.480000,74.762954
294.840000,74.880099
295.200000,74.995671
295.560000,75.109654
295.920000,75.222031
296.280000,75.332784
296.640000,75.441896
297.000000,75.549350
297.360000,75.655127
297.720000,75.759210
298.080000,75.861580
298.440000,75.962220
298.800000,76.061110
299.160000,76.158232
299.520000,76.253568
299.880000,76.347097
300.240000,76.438802
300.600000,76.528662
300.960000,76.616658
301.320000,76.702770
301.680000,76.786978
302.040000,76.869262
302.400000,76.949602
302.760000,77.027977
303.120000,77.104366
303.480000,77.178749
303.840000,77.251104
304.200000,77.321411
304.560000,77.389647
304.920000,77.455791
305.280000,77.519822
305.640000,77.581717
306.000000,77.641454
306.360000,77.699012
306.720000,77.754366
307.080000,77.807495
307.440000,77.858376
307.800000,77.906986
308.160000,77.953301
308.520000,77.997298
308.880000,78.038954
309.240000,78.078245
309.600000,78.115147
309.960000,78.149637
310.320000,78.181689
310.680000,78.211280
311.040000,78.238385
311.400000,78.262980
311.760000,78.285040
312.120000,78.304540
312.480000,78.321456
312.840000,78.335761
313.200000,78.347432
313.560000,78.356442
313.920000,78.362767
314.280000,78.366381
314.640000,78.367258
315.000000,78.365372
315.360000,78.360699
315.720000,78.353212
316.080000,78.342886
316.440000,78.329695
316.800000,78.313612
317.160000,78.294613
317.520000,78.272671
317.880000,78.247760
318.240000,78.219855
318.600000,78.188929
318.960000,78.154957
319.320000,78.117914
319.680000,78.077773
320.040000,78.034510
320.400000,77.988098
320.760000,77.938512
321.120000,77.885728
321.480000,77.829719
321.840000,77.770462
322.200000,77.707932
322.560000,77.642104
322.920000,77.572953
323.280000,77.500457
323.640000,77.424591
324.000000,77.345332
324.360000,77.262657
324.720000,77.176542
325.080000,77.086967
325.440000,76.993908
325.800000,76.897344
326.160000,76.797254
326.520000,76.693618
326.880000,76.586415
327.240000,76.475625
327.600000,76.361230
327.960000,76.243211
328.320000,76.121549
328.680000,75.996229
329.040000,75.867233
329.400000,75.734546
329.760000,75.598152
330.120000,75.458038
330.480000,75.314189
330.840000,75.166593
331.200000,75.015238
331.560000,74.860114
331.920000,74.701210
332.280000,74.538518
332.640000,74.372030
333.000000,74.201740
333.360000,74.027640
333.720000,73.849728
334.080000,73.668000
334.440000,73.482453
334.800000,73.293087
335.160000,73.099902
335.520000,72.902901
335.880000,72.702085
336.240000,72.497461
336.600000,72.289034
336.960000,72.076811
337.320000,71.860802
337.680000,71.641018
338.040000,71.417470
338.400000,71.190172
338.760000,70.959141
339.120000,70.724393
339.480000,70.485948
339.840000,70.243826
340.200000,69.998049
340.560000,69.748642
340.920000,69.495632
341.280000,69.239046
341.640000,68.978915
342.000000,68.715270
342.360000,68.448144
342.720000,68.177575
343.080000,67.903598
343.440000,67.626255
343.800000,67.345587
344.160000,67.061636
344.520000,66.774450
344.880000,66.484074
345.240000,66.190560
345.600000,65.893958
345.960000,65.594321
346.320000,65.291705
346.680000,64.986168
347.040000,64.677768
347.400000,64.366566
347.760000,64.052626
348.120000,63.736011
348.480000,63.416789
348.840000,63.095028
349.200000,62.770797
349.560000,62.444168
349.920000,62.115214
350.280000,61.784010
350.640000,61.450632
351.000000,61.115157
351.360000,60.777665
351.720000,60.438236
352.080000,60.096951
352.440000,59.753892
352.800000,59.409144
353.160000,59.062792
353.520000,58.714920
353.880000,58.365616
354.240000,58.014965
354.600000,57.663058
354.960000,57.309981
355.320000,56.955823
355.680000,56.600675
356.040000,56.244625
356.400000,55.887763
356.760000,55.530180
357.120000,55.171964
357.480000,54.813206
357.840000,54.453996
358.200000,54.094422
358.560000,53.734574
358.920000,53.374540
359.280000,53.014408
359.640000,52.654266
360.000000,52.294199
