xB,yB
286.785714,189.878788
289.147663,189.779662
291.459694,189.654094
293.719460,189.504027
295.924779,189.331459
298.073634,189.138425
300.164184,188.926985
302.194763,188.699212
304.163881,188.457175
306.070229,188.202931
307.912672,187.938508
309.690249,187.665898
311.402172,187.387042
313.047814,187.103827
314.626712,186.818069
316.138551,186.531512
317.583167,186.245820
318.960530,185.962569
320.270740,185.683245
321.514018,185.409240
322.690698,185.141849
323.801216,184.882269
324.846103,184.631598
325.825975,184.390835
326.741526,184.160880
327.593516,183.942538
328.382770,183.736517
329.110162,183.543433
329.776614,183.363815
330.383087,183.198102
330.930573,183.046652
331.420092,182.909743
331.852684,182.787579
332.229405,182.680292
332.551323,182.587947
332.819511,182.510546
333.035048,182.448030
333.199010,182.400289
333.312471,182.367158
333.376498,182.348429
333.392150,182.343846
333.360476,182.353118
333.282511,182.375914
333.159277,182.411873
332.991780,182.460602
332.781012,182.521683
332.527945,182.594674
332.233534,182.679112
331.898717,182.774515
331.524411,182.880385
331.111515,182.996210
330.660911,183.121468
330.173458,183.255625
329.650000,183.398139
329.091358,183.548464
328.498337,183.706046
327.871724,183.870329
327.212286,184.040756
326.520774,184.216768
325.797921,184.397805
325.044443,184.583310
324.261040,184.772726
323.448396,184.965502
322.607179,185.161087
321.738044,185.358937
320.841628,185.558512
319.918558,185.759276
318.969444,185.960701
317.994886,186.162264
316.995469,186.363449
315.971769,186.563747
314.924347,186.762657
313.853755,186.959684
312.760535,187.154341
311.645216,187.346151
310.508319,187.534643
309.350357,187.719356
308.171832,187.899835
306.973238,188.075635
305.755061,188.246320
304.517779,188.411461
303.261862,188.570639
301.987773,188.723443
300.695970,188.869470
299.386901,189.008328
298.061012,189.139631
296.718739,189.263002
295.360514,189.378073
293.986764,189.484486
292.597910,189.581889
291.194370,189.669940
289.776553,189.748304
288.344868,189.816657
286.899718,189.874679
285.441500,189.922063
283.970611,189.958507
282.487439,189.983717
280.992374,189.997408
279.485798,189.999304
277.968092,189.989135
276.439634,189.966639
274.900798,189.931562
273.351955,189.883658
271.793474,189.822688
270.225720,189.748421
268.649057,189.660634
267.063846,189.559109
265.470445,189.443638
263.869209,189.314018
262.260494,189.170056
260.644649,189.011562
259.022026,188.838356
257.392971,188.650264
255.757830,188.447120
254.116946,188.228764
252.470661,187.995041
250.819316,187.745806
249.163248,187.480918
247.502793,187.200244
245.838287,186.903658
244.170061,186.591038
242.498449,186.262271
240.823778,185.917249
239.146379,185.555872
237.466576,185.178044
235.784695,184.783676
234.101060,184.372686
232.415992,183.944998
230.729812,183.500541
229.042839,183.039252
227.355390,182.561072
225.667782,182.065950
223.980327,181.553839
222.293341,181.024698
220.607133,180.478495
218.922013,179.915201
217.238291,179.334793
215.556272,178.737254
213.876263,178.122574
212.198566,177.490748
210.523485,176.841776
208.851319,176.175666
207.182368,175.492428
205.516929,174.792083
203.855298,174.074652
202.197770,173.340165
200.544636,172.588659
198.896188,171.820172
197.252714,171.034753
195.614503,170.232453
193.981840,169.413329
192.355009,168.577447
190.734291,167.724874
189.119969,166.855686
187.512319,165.969963
185.911618,165.067793
184.318141,164.149267
182.732162,163.214484
181.153950,162.263546
179.583775,161.296565
178.021903,160.313654
176.468599,159.314937
174.924126,158.300539
173.388744,157.270595
171.862711,156.225244
170.346284,155.164631
168.839717,154.088908
167.343261,152.998232
165.857165,151.892769
164.381677,150.772687
162.917040,149.638165
161.463498,148.489386
160.021289,147.326539
158.590652,146.149821
157.171819,144.959436
155.765024,143.755594
154.370496,142.538513
152.988460,141.308417
151.619142,140.065539
150.262761,138.810117
148.919535,137.542400
147.589681,136.262641
146.273409,134.971104
144.970930,133.668060
143.682449,132.353788
142.408168,131.028576
141.148288,129.692722
139.903004,128.346530
138.672509,126.990316
137.456993,125.624405
136.256641,124.249131
135.071635,122.864840
133.902153,121.471886
132.748371,120.070636
131.610458,118.661467
130.488581,117.244768
129.382903,115.820939
128.293580,114.390394
127.220768,112.953558
126.164615,111.510871
125.125265,110.062784
124.102858,108.609765
123.097528,107.152295
122.109406,105.690871
121.138614,104.226005
120.185272,102.758224
119.249491,101.288074
118.331379,99.816116
117.431037,98.342932
116.548558,96.869118
115.684030,95.395293
114.837532,93.922092
114.009139,92.450172
113.198916,90.980209
112.406920,89.512902
111.633201,88.048969
110.877799,86.589151
110.140745,85.134209
109.422062,83.684928
108.721763,82.242115
108.039848,80.806597
107.376310,79.379226
106.731127,77.960873
106.104269,76.552431
105.495691,75.154814
104.905336,73.768954
104.333134,72.395802
103.779001,71.036325
103.242839,69.691506
102.724535,68.362340
102.223961,67.049832
101.740973,65.754995
101.275412,64.478846
100.827101,63.222403
100.395847,61.986679
99.981442,60.772680
99.583658,59.581402
99.202252,58.413820
98.836965,57.270889
98.487519,56.153532
98.153621,55.062642
97.834964,53.999070
97.531223,52.963622
97.242060,51.957052
96.967124,50.980059
96.706052,50.033276
96.458470,49.117275
96.223993,48.232552
96.002228,47.379532
95.792778,46.558559
95.595238,45.769900
95.409201,45.013741
95.234258,44.290186
95.070000,43.599256
94.916020,42.940896
94.771915,42.314970
94.637286,41.721269
94.511740,41.159513
94.394894,40.629355
94.286370,40.130384
94.185805,39.662133
94.092843,39.224085
94.007141,38.815674
93.928371,38.436295
93.856213,38.085308
93.790366,37.762047
93.730538,37.465817
93.676453,37.195910
93.627848,36.951603
93.584475,36.732164
93.546097,36.536857
93.512492,36.364947
93.483451,36.215700
93.458777,36.088392
93.438284,35.982305
93.421801,35.896734
93.409164,35.830989
93.400222,35.784393
93.394835,35.756289
93.392870,35.746037
93.394207,35.753015
93.398732,35.776622
93.406339,35.816278
93.416932,35.871422
93.430422,35.941515
93.446725,36.026038
93.465765,36.124493
93.487472,36.236403
93.511783,36.361310
93.538638,36.498776
93.567985,36.648382
93.599775,36.809729
93.633964,36.982436
93.670512,37.166137
93.709383,37.360488
93.750546,37.565157
93.793973,37.779830
93.839639,38.004209
93.887522,38.238011
93.937603,38.480964
93.989868,38.732814
94.044303,38.993318
94.100898,39.262245
94.159645,39.539378
94.220538,39.824510
94.283575,40.117445
94.348753,40.417999
94.416075,40.725997
94.485543,41.041273
94.557161,41.363673
94.630937,41.693050
94.706878,42.029265
94.784996,42.372187
94.865301,42.721696
94.947808,43.077675
95.032530,43.440018
95.119486,43.808622
95.208692,44.183395
95.300168,44.564247
95.393936,44.951097
95.490018,45.343868
95.588437,45.742490
95.689219,46.146897
95.792392,46.557029
95.897982,46.972831
96.006019,47.394250
96.116535,47.821243
96.229561,48.253766
96.345132,48.691782
96.463283,49.135257
96.584050,49.584163
96.707471,50.038472
96.833585,50.498162
96.962434,50.963216
97.094059,51.433617
97.228506,51.909353
97.365818,52.390416
97.506044,52.876799
97.649231,53.368501
97.795429,53.865521
97.944691,54.367861
98.097069,54.875529
98.252619,55.388531
98.411397,55.906880
98.573462,56.430588
98.738874,56.959671
98.907695,57.494148
99.079989,58.034040
99.255823,58.579369
99.435263,59.130161
99.618381,59.686443
99.805247,60.248244
99.995936,60.815597
100.190524,61.388535
100.389089,61.967094
100.591713,62.551311
100.798478,63.141227
101.009470,63.736882
101.224776,64.338320
101.444488,64.945587
101.668698,65.558728
101.897503,66.177794
102.131000,66.802835
102.369291,67.433902
102.612480,68.071051
102.860676,68.714335
103.113987,69.363812
103.372528,70.019541
103.636416,70.681583
103.905770,71.349997
104.180714,72.024849
104.461377,72.706201
104.747887,73.394121
105.040381,74.088675
105.338997,74.789932
105.643876,75.497961
105.955167,76.212834
106.273019,76.934623
106.597589,77.663401
106.929035,78.399242
107.267523,79.142222
107.613220,79.892416
107.966302,80.649903
108.326947,81.414759
108.695340,82.187064
109.071670,82.966898
109.456132,83.754339
109.848928,84.549468
110.250262,85.352366
110.660348,86.163115
111.079405,86.981795
111.507658,87.808488
111.945337,88.643275
112.392681,89.486238
112.849936,90.337456
113.317352,91.197011
113.795190,92.064983
114.283715,92.941449
114.783203,93.826488
115.293934,94.720177
115.816200,95.622591
116.350299,96.533804
116.896536,97.453887
117.455229,98.382912
118.026700,99.320944
118.611282,100.268050
119.209319,101.224290
119.821162,102.189724
120.447171,103.164407
121.087719,104.148389
121.743186,105.141717
122.413963,106.144434
123.100452,107.156576
123.803065,108.178175
124.522224,109.209254
125.258363,110.249833
126.011925,111.299923
126.783367,112.359527
127.573153,113.428639
128.381761,114.507247
129.209680,115.595327
130.057410,116.692843
130.925460,117.799752
131.814353,118.915995
132.724621,120.041504
133.656807,121.176194
134.611467,122.319967
135.589164,123.472711
136.590473,124.634296
137.615979,125.804573
138.666275,126.983378
139.741964,128.170525
140.843657,129.365808
141.971972,130.568999
143.127534,131.779847
144.310974,132.998076
145.522929,134.223386
146.764039,135.455449
148.034945,136.693907
149.336292,137.938375
150.668723,139.188436
152.032880,140.443640
153.429401,141.703505
154.858917,142.967512
156.322054,144.235106
157.819426,145.505695
159.351632,146.778647
160.919258,148.053291
162.522872,149.328913
164.163016,150.604758
165.840212,151.880028
167.554948,153.153878
169.307681,154.425421
171.098832,155.693724
172.928778,156.957808
174.797851,158.216648
176.706331,159.469175
178.654442,160.714274
180.642348,161.950786
182.670143,163.177507
184.737850,164.393196
186.845414,165.596567
188.992695,166.786302
191.179462,167.961043
193.405389,169.119406
195.670048,170.259975
197.972901,171.381315
200.313299,172.481969
202.690472,173.560470
205.103528,174.615344
207.551443,175.645115
210.033063,176.648316
212.547094,177.623493
215.092104,178.569216
217.666516,179.484085
220.268613,180.366741
222.896528,181.215875
225.548252,182.030237
228.221634,182.808645
230.914379,183.549998
233.624057,184.253282
236.348105,184.917582
239.083835,185.542091
241.828440,186.126118
244.579001,186.669100
247.332502,187.170603
250.085838,187.630336
252.835826,188.048152
255.579221,188.424058
258.312730,188.758211
261.033027,189.050929
263.736765,189.302687
266.420600,189.514115
269.081199,189.686003
271.715263,189.819291
274.319542,189.915066
276.890847,189.974559
279.426072,189.999133
281.922206,189.990276
284.376347,189.949592
286.785714,189.878788
289.147663,189.779662
291.459694,189.654094
293.719460,189.504027
295.924779,189.331459
298.073634,189.138425
300.164184,188.926985
302.194763,188.699212
304.163881,188.457175
306.070229,188.202931
307.912672,187.938508
309.690249,187.665898
311.402172,187.387042
313.047814,187.103827
314.626712,186.818069
316.138551,186.531512
317.583167,186.245820
318.960530,185.962569
320.270740,185.683245
321.514018,185.409240
322.690698,185.141849
323.801216,184.882269
324.846103,184.631598
325.825975,184.390835
326.741526,184.160880
327.593516,183.942538
328.382770,183.736517
329.110162,183.543433
329.776614,183.363815
330.383087,183.198102
330.930573,183.046652
331.420092,182.909743
331.852684,182.787579
332.229405,182.680292
332.551323,182.587947
332.819511,182.510546
333.035048,182.448030
333.199010,182.400289
333.312471,182.367158
333.376498,182.348429
333.392150,182.343846
333.360476,182.353118
333.282511,182.375914
333.159277,182.411873
332.991780,182.460602
332.781012,182.521683
332.527945,182.594674
332.233534,182.679112
331.898717,182.774515
331.524411,182.880385
331.111515,182.996210
330.660911,183.121468
330.173458,183.255625
329.650000,183.398139
329.091358,183.548464
328.498337,183.706046
327.871724,183.870329
327.212286,184.040756
326.520774,184.216768
325.797921,184.397805
325.044443,184.583310
324.261040,184.772726
323.448396,184.965502
322.607179,185.161087
321.738044,185.358937
320.841628,185.558512
319.918558,185.759276
318.969444,185.960701
317.994886,186.162264
316.995469,186.363449
315.971769,186.563747
314.924347,186.762657
313.853755,186.959684
312.760535,187.154341
311.645216,187.346151
310.508319,187.534643
309.350357,187.719356
308.171832,187.899835
306.973238,188.075635
305.755061,188.246320
304.517779,188.411461
303.261862,188.570639
301.987773,188.723443
300.695970,188.869470
299.386901,189.008328
298.061012,189.139631
296.718739,189.263002
295.360514,189.378073
293.986764,189.484486
292.597910,189.581889
291.194370,189.669940
289.776553,189.748304
288.344868,189.816657
286.899718,189.874679
285.441500,189.922063
283.970611,189.958507
282.487439,189.983717
280.992374,189.997408
279.485798,189.999304
277.968092,189.989135
276.439634,189.966639
274.900798,189.931562
273.351955,189.883658
271.793474,189.822688
270.225720,189.748421
268.649057,189.660634
267.063846,189.559109
265.470445,189.443638
263.869209,189.314018
262.260494,189.170056
260.644649,189.011562
259.022026,188.838356
257.392971,188.650264
255.757830,188.447120
254.116946,188.228764
252.470661,187.995041
250.819316,187.745806
249.163248,187.480918
247.502793,187.200244
245.838287,186.903658
244.170061,186.591038
242.498449,186.262271
240.823778,185.917249
239.146379,185.555872
237.466576,185.178044
235.784695,184.783676
234.101060,184.372686
232.415992,183.944998
230.729812,183.500541
229.042839,183.039252
227.355390,182.561072
225.667782,182.065950
223.980327,181.553839
222.293341,181.024698
220.607133,180.478495
218.922013,179.915201
217.238291,179.334793
215.556272,178.737254
213.876263,178.122574
212.198566,177.490748
210.523485,176.841776
208.851319,176.175666
207.182368,175.492428
205.516929,174.792083
203.855298,174.074652
202.197770,173.340165
200.544636,172.588659
198.896188,171.820172
197.252714,171.034753
195.614503,170.232453
193.981840,169.413329
192.355009,168.577447
190.734291,167.724874
189.119969,166.855686
187.512319,165.969963
185.911618,165.067793
184.318141,164.149267
182.732162,163.214484
181.153950,162.263546
179.583775,161.296565
178.021903,160.313654
176.468599,159.314937
174.924126,158.300539
173.388744,157.270595
171.862711,156.225244
170.346284,155.164631
168.839717,154.088908
167.343261,152.998232
165.857165,151.892769
164.381677,150.772687
162.917040,149.638165
161.463498,148.489386
160.021289,147.326539
158.590652,146.149821
157.171819,144.959436
155.765024,143.755594
154.370496,142.538513
152.988460,141.308417
151.619142,140.065539
150.262761,138.810117
148.919535,137.542400
147.589681,136.262641
146.273409,134.971104
144.970930,133.668060
143.682449,132.353788
142.408168,131.028576
141.148288,129.692722
139.903004,128.346530
138.672509,126.990316
137.456993,125.624405
136.256641,124.249131
135.071635,122.864840
133.902153,121.471886
132.748371,120.070636
131.610458,118.661467
130.488581,117.244768
129.382903,115.820939
128.293580,114.390394
127.220768,112.953558
126.164615,111.510871
125.125265,110.062784
124.102858,108.609765
123.097528,107.152295
122.109406,105.690871
121.138614,104.226005
120.185272,102.758224
119.249491,101.288074
118.331379,99.816116
117.431037,98.342932
116.548558,96.869118
115.684030,95.395293
114.837532,93.922092
114.009139,92.450172
113.198916,90.980209
112.406920,89.512902
111.633201,88.048969
110.877799,86.589151
110.140745,85.134209
109.422062,83.684928
108.721763,82.242115
108.039848,80.806597
107.376310,79.379226
106.731127,77.960873
106.104269,76.552431
105.495691,75.154814
104.905336,73.768954
104.333134,72.395802
103.779001,71.036325
103.242839,69.691506
102.724535,68.362340
102.223961,67.049832
101.740973,65.754995
101.275412,64.478846
100.827101,63.222403
100.395847,61.986679
99.981442,60.772680
99.583658,59.581402
99.202252,58.413820
98.836965,57.270889
98.487519,56.153532
98.153621,55.062642
97.834964,53.999070
97.531223,52.963622
97.242060,51.957052
96.967124,50.980059
96.706052,50.033276
96.458470,49.117275
96.223993,48.232552
96.002228,47.379532
95.792778,46.558559
95.595238,45.769900
95.409201,45.013741
95.234258,44.290186
95.070000,43.599256
94.916020,42.940896
94.771915,42.314970
94.637286,41.721269
94.511740,41.159513
94.394894,40.629355
94.286370,40.130384
94.185805,39.662133
94.092843,39.224085
94.007141,38.815674
93.928371,38.436295
93.856213,38.085308
93.790366,37.762047
93.730538,37.465817
93.676453,37.195910
93.627848,36.951603
93.584475,36.732164
93.546097,36.536857
93.512492,36.364947
93.483451,36.215700
93.458777,36.088392
93.438284,35.982305
93.421801,35.896734
93.409164,35.830989
93.400222,35.784393
93.394835,35.756289
93.392870,35.746037
93.394207,35.753015
93.398732,35.776622
93.406339,35.816278
93.416932,35.871422
93.430422,35.941515
93.446725,36.026038
93.465765,36.124493
93.487472,36.236403
93.511783,36.361310
93.538638,36.498776
93.567985,36.648382
93.599775,36.809729
93.633964,36.982436
93.670512,37.166137
93.709383,37.360488
93.750546,37.565157
93.793973,37.779830
93.839639,38.004209
93.887522,38.238011
93.937603,38.480964
93.989868,38.732814
94.044303,38.993318
94.100898,39.262245
94.159645,39.539378
94.220538,39.824510
94.283575,40.117445
94.348753,40.417999
94.416075,40.725997
94.485543,41.041273
94.557161,41.363673
94.630937,41.693050
94.706878,42.029265
94.784996,42.372187
94.865301,42.721696
94.947808,43.077675
95.032530,43.440018
95.119486,43.808622
95.208692,44.183395
95.300168,44.564247
95.393936,44.951097
95.490018,45.343868
95.588437,45.742490
95.689219,46.146897
95.792392,46.557029
95.897982,46.972831
96.006019,47.394250
96.116535,47.821243
96.229561,48.253766
96.345132,48.691782
96.463283,49.135257
96.584050,49.584163
96.707471,50.038472
96.833585,50.498162
96.962434,50.963216
97.094059,51.433617
97.228506,51.909353
97.365818,52.390416
97.506044,52.876799
97.649231,53.368501
97.795429,53.865521
97.944691,54.367861
98.097069,54.875529
98.252619,55.388531
98.411397,55.906880
98.573462,56.430588
98.738874,56.959671
98.907695,57.494148
99.079989,58.034040
99.255823,58.579369
99.435263,59.130161
99.618381,59.686443
99.805247,60.248244
99.995936,60.815597
100.190524,61.388535
100.389089,61.967094
100.591713,62.551311
100.798478,63.141227
101.009470,63.736882
101.224776,64.338320
101.444488,64.945587
101.668698,65.558728
101.897503,66.177794
102.131000,66.802835
102.369291,67.433902
102.612480,68.071051
102.860676,68.714335
103.113987,69.363812
103.372528,70.019541
103.636416,70.681583
103.905770,71.349997
104.180714,72.024849
104.461377,72.706201
104.747887,73.394121
105.040381,74.088675
105.338997,74.789932
105.643876,75.497961
105.955167,76.212834
106.273019,76.934623
106.597589,77.663401
106.929035,78.399242
107.267523,79.142222
107.613220,79.892416
107.966302,80.649903
108.326947,81.414759
108.695340,82.187064
109.071670,82.966898
109.456132,83.754339
109.848928,84.549468
110.250262,85.352366
110.660348,86.163115
111.079405,86.981795
111.507658,87.808488
111.945337,88.643275
112.392681,89.486238
112.849936,90.337456
113.317352,91.197011
113.795190,92.064983
114.283715,92.941449
114.783203,93.826488
115.293934,94.720177
115.816200,95.622591
116.350299,96.533804
116.896536,97.453887
117.455229,98.382912
118.026700,99.320944
118.611282,100.268050
119.209319,101.224290
119.821162,102.189724
120.447171,103.164407
121.087719,104.148389
121.743186,105.141717
122.413963,106.144434
123.100452,107.156576
123.803065,108.178175
124.522224,109.209254
125.258363,110.249833
126.011925,111.299923
126.783367,112.359527
127.573153,113.428639
128.381761,114.507247
129.209680,115.595327
130.057410,116.692843
130.925460,117.799752
131.814353,118.915995
132.724621,120.041504
133.656807,121.176194
134.611467,122.319967
135.589164,123.472711
136.590473,124.634296
137.615979,125.804573
138.666275,126.983378
139.741964,128.170525
140.843657,129.365808
141.971972,130.568999
143.127534,131.779847
144.310974,132.998076
145.522929,134.223386
146.764039,135.455449
148.034945,136.693907
149.336292,137.938375
150.668723,139.188436
152.032880,140.443640
153.429401,141.703505
154.858917,142.967512
156.322054,144.235106
157.819426,145.505695
159.351632,146.778647
160.919258,148.053291
162.522872,149.328913
164.163016,150.604758
165.840212,151.880028
167.554948,153.153878
169.307681,154.425421
171.098832,155.693724
172.928778,156.957808
174.797851,158.216648
176.706331,159.469175
178.654442,160.714274
180.642348,161.950786
182.670143,163.177507
184.737850,164.393196
186.845414,165.596567
188.992695,166.786302
191.179462,167.961043
193.405389,169.119406
195.670048,170.259975
197.972901,171.381315
200.313299,172.481969
202.690472,173.560470
205.103528,174.615344
207.551443,175.645115
210.033063,176.648316
212.547094,177.623493
215.092104,178.569216
217.666516,179.484085
220.268613,180.366741
222.896528,181.215875
225.548252,182.030237
228.221634,182.808645
230.914379,183.549998
233.624057,184.253282
236.348105,184.917582
239.083835,185.542091
241.828440,186.126118
244.579001,186.669100
247.332502,187.170603
250.085838,187.630336
252.835826,188.048152
255.579221,188.424058
258.312730,188.758211
261.033027,189.050929
263.736765,189.302687
266.420600,189.514115
269.081199,189.686003
271.715263,189.819291
274.319542,189.915066
276.890847,189.974559
279.426072,189.999133
281.922206,189.990276
284.376347,189.949592
