xA,yA
148.708656,149.746984
150.577501,151.385054
152.419128,152.999534
154.231544,154.590463
156.012825,156.157963
157.761120,157.702234
159.474662,159.223549
161.151772,160.722248
162.790864,162.198732
164.390453,163.653454
165.949153,165.086919
167.465686,166.499667
168.938879,167.892277
170.367666,169.265352
171.751092,170.619519
173.088304,171.955417
174.378559,173.273696
175.621215,174.575007
176.815731,175.860001
177.961663,177.129320
179.058662,178.383598
180.106469,179.623451
181.104908,180.849478
182.053887,182.062256
182.953389,183.262338
183.803468,184.450249
184.604247,185.626489
185.355908,186.791525
186.058692,187.945796
186.712893,189.089707
187.318851,190.223634
187.876953,191.347919
188.387620,192.462872
188.851315,193.568773
189.268527,194.665869
189.639776,195.754377
189.965605,196.834485
190.246578,197.906351
190.483280,198.970107
190.676308,200.025856
190.826273,201.073676
190.933799,202.113620
190.999515,203.145721
191.024058,204.169984
191.008071,205.186399
190.952196,206.194933
190.857082,207.195535
190.723374,208.188137
190.551719,209.172655
190.342759,210.148990
190.097136,211.117029
189.815487,212.076647
189.498446,213.027704
189.146641,213.970054
188.760694,214.903537
188.341223,215.827986
187.888838,216.743226
187.404143,217.649074
186.887738,218.545340
186.340211,219.431829
185.762147,220.308340
185.154123,221.174668
184.516708,222.030605
183.850465,222.875939
183.155949,223.710453
182.433708,224.533932
181.684283,225.346157
180.908208,226.146905
180.106012,226.935958
179.278213,227.713092
178.425326,228.478086
177.547859,229.230718
176.646312,229.970767
175.721181,230.698012
174.772954,231.412234
173.802114,232.113215
172.809138,232.800739
171.794498,233.474590
170.758659,234.134556
169.702084,234.780426
168.625227,235.411993
167.528539,236.029051
166.412467,236.631397
165.277451,237.218830
164.123929,237.791154
162.952333,238.348174
161.763092,238.889700
160.556629,239.415544
159.333366,239.925522
158.093718,240.419453
156.838098,240.897160
155.566917,241.358470
154.280579,241.803211
152.979486,242.231220
151.664040,242.642332
150.334635,243.036391
148.991665,243.413240
147.635520,243.772730
146.266587,244.114715
144.885252,244.439051
143.491896,244.745600
142.086899,245.034229
140.670637,245.304806
139.243486,245.557206
137.805817,245.791306
136.358000,246.006991
134.900403,246.204145
133.433391,246.382659
131.957327,246.542430
130.472573,246.683355
128.979487,246.805339
127.478427,246.908290
125.969747,246.992119
124.453802,247.056744
122.930941,247.102084
121.401515,247.128066
119.865871,247.134618
118.324355,247.121675
116.777310,247.089174
115.225079,247.037057
113.668002,246.965272
112.106417,246.873770
110.540662,246.762506
108.971071,246.631439
107.397977,246.480535
105.821713,246.309760
104.242608,246.119088
102.660990,245.908497
101.077186,245.677966
99.491520,245.427483
97.904315,245.157037
96.315892,244.866622
94.726571,244.556237
93.136670,244.225886
91.546503,243.875575
89.956386,243.505316
88.366630,243.115124
86.777545,242.705021
85.189441,242.275031
83.602624,241.825182
82.017399,241.355508
80.434067,240.866046
78.852932,240.356837
77.274290,239.827929
75.698439,239.279370
74.125675,238.711216
72.556289,238.123526
70.990572,237.516362
69.428814,236.889792
67.871300,236.243889
66.318314,235.578727
64.770138,234.894387
63.227053,234.190954
61.689335,233.468517
60.157259,232.727169
58.631098,231.967008
57.111121,231.188135
55.597597,230.390657
54.090791,229.574684
52.590963,228.740331
51.098376,227.887717
49.613284,227.016966
48.135943,226.128206
46.666603,225.221569
45.205514,224.297192
43.752920,223.355216
42.309065,222.395787
40.874186,221.419055
39.448522,220.425175
38.032303,219.414305
36.625761,218.386610
35.229121,217.342257
33.842606,216.281420
32.466436,215.204277
31.100825,214.111008
29.745985,213.001803
28.402125,211.876851
27.069448,210.736351
25.748154,209.580503
24.438439,208.409513
23.140496,207.223595
21.854510,206.022963
20.580665,204.807840
19.319138,203.578452
18.070104,202.335032
16.833730,201.077817
15.610180,199.807051
14.399612,198.522982
13.202180,197.225864
12.018031,195.915958
10.847305,194.593530
9.690141,193.258851
8.546667,191.912199
7.417007,190.553860
6.301278,189.184124
5.199591,187.803288
4.112051,186.411657
3.038753,185.009541
1.979788,183.597259
0.935236,182.175136
-0.094827,180.743504
-1.110337,179.302704
-2.111234,177.853083
-3.097472,176.394998
-4.069008,174.928813
-5.025813,173.454899
-5.967867,171.973639
-6.895156,170.485420
-7.807682,168.990643
-8.705452,167.489715
-9.588489,165.983052
-10.456824,164.471081
-11.310501,162.954238
-12.149575,161.432969
-12.974115,159.907729
-13.784201,158.378984
-14.579928,156.847208
-15.361401,155.312888
-16.128744,153.776517
-16.882089,152.238602
-17.621587,150.699655
-18.347400,149.160202
-19.059707,147.620774
-19.758700,146.081912
-20.444587,144.544165
-21.117590,143.008090
-21.777944,141.474249
-22.425900,139.943209
-23.061723,138.415544
-23.685690,136.891827
-24.298093,135.372637
-24.899232,133.858550
-25.489422,132.350140
-26.068987,130.847979
-26.638258,129.352632
-27.197576,127.864656
-27.747286,126.384595
-28.287736,124.912983
-28.819279,123.450336
-29.342265,121.997151
-29.857044,120.553902
-30.363962,119.121042
-30.863355,117.698993
-31.355552,116.288149
-31.840871,114.888870
-32.319615,113.501481
-32.792070,112.126272
-33.258505,110.763493
-33.719168,109.413354
-34.174284,108.076024
-34.624056,106.751629
-35.068659,105.440257
-35.508244,104.141951
-35.942935,102.856715
-36.372828,101.584514
-36.797991,100.325274
-37.218466,99.078887
-37.634268,97.845210
-38.045385,96.624071
-38.451783,95.415269
-38.853401,94.218577
-39.250158,93.033750
-39.641951,91.860520
-40.028662,90.698607
-40.410150,89.547716
-40.786264,88.407545
-41.156836,87.277785
-41.521689,86.158123
-41.880634,85.048244
-42.233477,83.947837
-42.580013,82.856592
-42.920037,81.774206
-43.253336,80.700381
-43.579698,79.634830
-43.898908,78.577274
-44.210752,77.527445
-44.515018,76.485088
-44.811495,75.449959
-45.099973,74.421829
-45.380249,73.400480
-45.652121,72.385710
-45.915393,71.377329
-46.169874,70.375163
-46.415377,69.379049
-46.651721,68.388840
-46.878733,67.404403
-47.096242,66.425616
-47.304086,65.452373
-47.502108,64.484579
-47.690158,63.522151
-47.868091,62.565020
-48.035768,61.613127
-48.193059,60.666425
-48.339836,59.724878
-48.475981,58.788460
-48.601379,57.857155
-48.715921,56.930958
-48.819507,56.009872
-48.912038,55.093909
-48.993425,54.183090
-49.063581,53.277444
-49.122427,52.377007
-49.169886,51.481824
-49.205890,50.591946
-49.230372,49.707430
-49.243273,48.828340
-49.244537,47.954749
-49.234114,47.086730
-49.211956,46.224368
-49.178023,45.367747
-49.132276,44.516962
-49.074681,43.672108
-49.005209,42.833287
-48.923835,42.000606
-48.830537,41.174173
-48.725297,40.354103
-48.608100,39.540512
-48.478937,38.733523
-48.337799,37.933260
-48.184684,37.139850
-48.019591,36.353424
-47.842522,35.574115
-47.653483,34.802059
-47.452484,34.037396
-47.239538,33.280266
-47.014658,32.530813
-46.777862,31.789182
-46.529173,31.055523
-46.268612,30.329984
-45.996207,29.612718
-45.711985,28.903877
-45.415979,28.203617
-45.108222,27.512096
-44.788750,26.829471
-44.457602,26.155903
-44.114819,25.491552
-43.760444,24.836581
-43.394522,24.191155
-43.017101,23.555438
-42.628231,22.929596
-42.227962,22.313796
-41.816349,21.708207
-41.393447,21.112999
-40.959312,20.528340
-40.514006,19.954402
-40.057587,19.391357
-39.590119,18.839377
-39.111665,18.298637
-38.622292,17.769309
-38.122067,17.251569
-37.611059,16.745592
-37.089337,16.251554
-36.556973,15.769632
-36.014039,15.300003
-35.460610,14.842845
-34.896762,14.398336
-34.322569,13.966655
-33.738109,13.547982
-33.143461,13.142495
-32.538704,12.750376
-31.923917,12.371805
-31.299182,12.006964
-30.664580,11.656034
-30.020193,11.319196
-29.366104,10.996635
-28.702396,10.688531
-28.029153,10.395069
-27.346458,10.116433
-26.654396,9.852806
-25.953052,9.604373
-25.242509,9.371319
-24.522853,9.153828
-23.794168,8.952088
-23.056538,8.766283
-22.310048,8.596600
-21.554780,8.443226
-20.790819,8.306349
-20.018247,8.186156
-19.237146,8.082834
-18.447597,7.996574
-17.649682,7.927562
-16.843479,7.875990
-16.029067,7.842045
-15.206523,7.825920
-14.375923,7.827803
-13.537342,7.847886
-12.690852,7.886361
-11.836524,7.943419
-10.974427,8.019253
-10.104630,8.114055
-9.227195,8.228017
-8.342188,8.361335
-7.449667,8.514200
-6.549691,8.686808
-5.642313,8.879353
-4.727587,9.092029
-3.805560,9.325032
-2.876278,9.578557
-1.939783,9.852799
-0.996113,10.147955
-0.045302,10.464221
0.912620,10.801791
1.877626,11.160863
2.849697,11.541632
3.828816,11.944294
4.814970,12.369045
5.808154,12.816080
6.808368,13.285594
7.815616,13.777782
8.829910,14.292838
9.851266,14.830954
10.879708,15.392323
11.915267,15.977136
12.957981,16.585582
14.007893,17.217850
15.065057,17.874127
16.129533,18.554597
17.201388,19.259442
18.280700,19.988843
19.367555,20.742976
20.462046,21.522016
21.564277,22.326133
22.674362,23.155494
23.792424,24.010260
24.918595,24.890589
26.053019,25.796634
27.195849,26.728541
28.347252,27.686449
29.507403,28.670491
30.676488,29.680794
31.854706,30.717473
33.042267,31.780637
34.239394,32.870385
35.446318,33.986802
36.663287,35.129965
37.890556,36.299936
39.128396,37.496767
40.377086,38.720490
41.636920,39.971127
42.908202,41.248678
44.191246,42.553129
45.486377,43.884443
46.793934,45.242565
48.114261,46.627416
49.447713,48.038895
50.794655,49.476875
52.155458,50.941201
53.530500,52.431691
54.920164,53.948135
56.324837,55.490286
57.744911,57.057870
59.180777,58.650572
60.632825,60.268045
62.101445,61.909902
63.587019,63.575713
65.089926,65.265011
66.610530,66.977281
68.149188,68.711967
69.706239,70.468462
71.282003,72.246116
72.876778,74.044226
74.490838,75.862042
76.124427,77.698761
77.777755,79.553530
79.450993,81.425442
81.144273,83.313540
82.857678,85.216814
84.591241,87.134203
86.344939,89.064597
88.118688,91.006834
89.912338,92.959707
91.725672,94.921962
93.558393,96.892305
95.410130,98.869398
97.280426,100.851873
99.168735,102.838324
101.074425,104.827323
102.996764,106.817417
104.934926,108.807136
106.887986,110.795002
108.854917,112.779529
110.834591,114.759237
112.825778,116.732654
114.827147,118.698325
116.837268,120.654819
118.854613,122.600736
120.877561,124.534718
122.904402,126.455451
124.933340,128.361677
126.962503,130.252199
128.989946,132.125886
131.013661,133.981683
133.031587,135.818613
135.041614,137.635783
137.041599,139.432389
139.029371,141.207720
141.002747,142.961157
142.959536,144.692179
144.897555,146.400361
146.814641,148.085374
148.708656,149.746984
150.577501,151.385054
152.419128,152.999534
154.231544,154.590463
156.012825,156.157963
157.761120,157.702234
159.474662,159.223549
161.151772,160.722248
162.790864,162.198732
164.390453,163.653454
165.949153,165.086919
167.465686,166.499667
168.938879,167.892277
170.367666,169.265352
171.751092,170.619519
173.088304,171.955417
174.378559,173.273696
175.621215,174.575007
176.815731,175.860001
177.961663,177.129320
179.058662,178.383598
180.106469,179.623451
181.104908,180.849478
182.053887,182.062256
182.953389,183.262338
183.803468,184.450249
184.604247,185.626489
185.355908,186.791525
186.058692,187.945796
186.712893,189.089707
187.318851,190.223634
187.876953,191.347919
188.387620,192.462872
188.851315,193.568773
189.268527,194.665869
189.639776,195.754377
189.965605,196.834485
190.246578,197.906351
190.483280,198.970107
190.676308,200.025856
190.826273,201.073676
190.933799,202.113620
190.999515,203.145721
191.024058,204.169984
191.008071,205.186399
190.952196,206.194933
190.857082,207.195535
190.723374,208.188137
190.551719,209.172655
190.342759,210.148990
190.097136,211.117029
189.815487,212.076647
189.498446,213.027704
189.146641,213.970054
188.760694,214.903537
188.341223,215.827986
187.888838,216.743226
187.404143,217.649074
186.887738,218.545340
186.340211,219.431829
185.762147,220.308340
185.154123,221.174668
184.516708,222.030605
183.850465,222.875939
183.155949,223.710453
182.433708,224.533932
181.684283,225.346157
180.908208,226.146905
180.106012,226.935958
179.278213,227.713092
178.425326,228.478086
177.547859,229.230718
176.646312,229.970767
175.721181,230.698012
174.772954,231.412234
173.802114,232.113215
172.809138,232.800739
171.794498,233.474590
170.758659,234.134556
169.702084,234.780426
168.625227,235.411993
167.528539,236.029051
166.412467,236.631397
165.277451,237.218830
164.123929,237.791154
162.952333,238.348174
161.763092,238.889700
160.556629,239.415544
159.333366,239.925522
158.093718,240.419453
156.838098,240.897160
155.566917,241.358470
154.280579,241.803211
152.979486,242.231220
151.664040,242.642332
150.334635,243.036391
148.991665,243.413240
147.635520,243.772730
146.266587,244.114715
144.885252,244.439051
143.491896,244.745600
142.086899,245.034229
140.670637,245.304806
139.243486,245.557206
137.805817,245.791306
136.358000,246.006991
134.900403,246.204145
133.433391,246.382659
131.957327,246.542430
130.472573,246.683355
128.979487,246.805339
127.478427,246.908290
125.969747,246.992119
124.453802,247.056744
122.930941,247.102084
121.401515,247.128066
119.865871,247.134618
118.324355,247.121675
116.777310,247.089174
115.225079,247.037057
113.668002,246.965272
112.106417,246.873770
110.540662,246.762506
108.971071,246.631439
107.397977,246.480535
105.821713,246.309760
104.242608,246.119088
102.660990,245.908497
101.077186,245.677966
99.491520,245.427483
97.904315,245.157037
96.315892,244.866622
94.726571,244.556237
93.136670,244.225886
91.546503,243.875575
89.956386,243.505316
88.366630,243.115124
86.777545,242.705021
85.189441,242.275031
83.602624,241.825182
82.017399,241.355508
80.434067,240.866046
78.852932,240.356837
77.274290,239.827929
75.698439,239.279370
74.125675,238.711216
72.556289,238.123526
70.990572,237.516362
69.428814,236.889792
67.871300,236.243889
66.318314,235.578727
64.770138,234.894387
63.227053,234.190954
61.689335,233.468517
60.157259,232.727169
58.631098,231.967008
57.111121,231.188135
55.597597,230.390657
54.090791,229.574684
52.590963,228.740331
51.098376,227.887717
49.613284,227.016966
48.135943,226.128206
46.666603,225.221569
45.205514,224.297192
43.752920,223.355216
42.309065,222.395787
40.874186,221.419055
39.448522,220.425175
38.032303,219.414305
36.625761,218.386610
35.229121,217.342257
33.842606,216.281420
32.466436,215.204277
31.100825,214.111008
29.745985,213.001803
28.402125,211.876851
27.069448,210.736351
25.748154,209.580503
24.438439,208.409513
23.140496,207.223595
21.854510,206.022963
20.580665,204.807840
19.319138,203.578452
18.070104,202.335032
16.833730,201.077817
15.610180,199.807051
14.399612,198.522982
13.202180,197.225864
12.018031,195.915958
10.847305,194.593530
9.690141,193.258851
8.546667,191.912199
7.417007,190.553860
6.301278,189.184124
5.199591,187.803288
4.112051,186.411657
3.038753,185.009541
1.979788,183.597259
0.935236,182.175136
-0.094827,180.743504
-1.110337,179.302704
-2.111234,177.853083
-3.097472,176.394998
-4.069008,174.928813
-5.025813,173.454899
-5.967867,171.973639
-6.895156,170.485420
-7.807682,168.990643
-8.705452,167.489715
-9.588489,165.983052
-10.456824,164.471081
-11.310501,162.954238
-12.149575,161.432969
-12.974115,159.907729
-13.784201,158.378984
-14.579928,156.847208
-15.361401,155.312888
-16.128744,153.776517
-16.882089,152.238602
-17.621587,150.699655
-18.347400,149.160202
-19.059707,147.620774
-19.758700,146.081912
-20.444587,144.544165
-21.117590,143.008090
-21.777944,141.474249
-22.425900,139.943209
-23.061723,138.415544
-23.685690,136.891827
-24.298093,135.372637
-24.899232,133.858550
-25.489422,132.350140
-26.068987,130.847979
-26.638258,129.352632
-27.197576,127.864656
-27.747286,126.384595
-28.287736,124.912983
-28.819279,123.450336
-29.342265,121.997151
-29.857044,120.553902
-30.363962,119.121042
-30.863355,117.698993
-31.355552,116.288149
-31.840871,114.888870
-32.319615,113.501481
-32.792070,112.126272
-33.258505,110.763493
-33.719168,109.413354
-34.174284,108.076024
-34.624056,106.751629
-35.068659,105.440257
-35.508244,104.141951
-35.942935,102.856715
-36.372828,101.584514
-36.797991,100.325274
-37.218466,99.078887
-37.634268,97.845210
-38.045385,96.624071
-38.451783,95.415269
-38.853401,94.218577
-39.250158,93.033750
-39.641951,91.860520
-40.028662,90.698607
-40.410150,89.547716
-40.786264,88.407545
-41.156836,87.277785
-41.521689,86.158123
-41.880634,85.048244
-42.233477,83.947837
-42.580013,82.856592
-42.920037,81.774206
-43.253336,80.700381
-43.579698,79.634830
-43.898908,78.577274
-44.210752,77.527445
-44.515018,76.485088
-44.811495,75.449959
-45.099973,74.421829
-45.380249,73.400480
-45.652121,72.385710
-45.915393,71.377329
-46.169874,70.375163
-46.415377,69.379049
-46.651721,68.388840
-46.878733,67.404403
-47.096242,66.425616
-47.304086,65.452373
-47.502108,64.484579
-47.690158,63.522151
-47.868091,62.565020
-48.035768,61.613127
-48.193059,60.666425
-48.339836,59.724878
-48.475981,58.788460
-48.601379,57.857155
-48.715921,56.930958
-48.819507,56.009872
-48.912038,55.093909
-48.993425,54.183090
-49.063581,53.277444
-49.122427,52.377007
-49.169886,51.481824
-49.205890,50.591946
-49.230372,49.707430
-49.243273,48.828340
-49.244537,47.954749
-49.234114,47.086730
-49.211956,46.224368
-49.178023,45.367747
-49.132276,44.516962
-49.074681,43.672108
-49.005209,42.833287
-48.923835,42.000606
-48.830537,41.174173
-48.725297,40.354103
-48.608100,39.540512
-48.478937,38.733523
-48.337799,37.933260
-48.184684,37.139850
-48.019591,36.353424
-47.842522,35.574115
-47.653483,34.802059
-47.452484,34.037396
-47.239538,33.280266
-47.014658,32.530813
-46.777862,31.789182
-46.529173,31.055523
-46.268612,30.329984
-45.996207,29.612718
-45.711985,28.903877
-45.415979,28.203617
-45.108222,27.512096
-44.788750,26.829471
-44.457602,26.155903
-44.114819,25.491552
-43.760444,24.836581
-43.394522,24.191155
-43.017101,23.555438
-42.628231,22.929596
-42.227962,22.313796
-41.816349,21.708207
-41.393447,21.112999
-40.959312,20.528340
-40.514006,19.954402
-40.057587,19.391357
-39.590119,18.839377
-39.111665,18.298637
-38.622292,17.769309
-38.122067,17.251569
-37.611059,16.745592
-37.089337,16.251554
-36.556973,15.769632
-36.014039,15.300003
-35.460610,14.842845
-34.896762,14.398336
-34.322569,13.966655
-33.738109,13.547982
-33.143461,13.142495
-32.538704,12.750376
-31.923917,12.371805
-31.299182,12.006964
-30.664580,11.656034
-30.020193,11.319196
-29.366104,10.996635
-28.702396,10.688531
-28.029153,10.395069
-27.346458,10.116433
-26.654396,9.852806
-25.953052,9.604373
-25.242509,9.371319
-24.522853,9.153828
-23.794168,8.952088
-23.056538,8.766283
-22.310048,8.596600
-21.554780,8.443226
-20.790819,8.306349
-20.018247,8.186156
-19.237146,8.082834
-18.447597,7.996574
-17.649682,7.927562
-16.843479,7.875990
-16.029067,7.842045
-15.206523,7.825920
-14.375923,7.827803
-13.537342,7.847886
-12.690852,7.886361
-11.836524,7.943419
-10.974427,8.019253
-10.104630,8.114055
-9.227195,8.228017
-8.342188,8.361335
-7.449667,8.514200
-6.549691,8.686808
-5.642313,8.879353
-4.727587,9.092029
-3.805560,9.325032
-2.876278,9.578557
-1.939783,9.852799
-0.996113,10.147955
-0.045302,10.464221
0.912620,10.801791
1.877626,11.160863
2.849697,11.541632
3.828816,11.944294
4.814970,12.369045
5.808154,12.816080
6.808368,13.285594
7.815616,13.777782
8.829910,14.292838
9.851266,14.830954
10.879708,15.392323
11.915267,15.977136
12.957981,16.585582
14.007893,17.217850
15.065057,17.874127
16.129533,18.554597
17.201388,19.259442
18.280700,19.988843
19.367555,20.742976
20.462046,21.522016
21.564277,22.326133
22.674362,23.155494
23.792424,24.010260
24.918595,24.890589
26.053019,25.796634
27.195849,26.728541
28.347252,27.686449
29.507403,28.670491
30.676488,29.680794
31.854706,30.717473
33.042267,31.780637
34.239394,32.870385
35.446318,33.986802
36.663287,35.129965
37.890556,36.299936
39.128396,37.496767
40.377086,38.720490
41.636920,39.971127
42.908202,41.248678
44.191246,42.553129
45.486377,43.884443
46.793934,45.242565
48.114261,46.627416
49.447713,48.038895
50.794655,49.476875
52.155458,50.941201
53.530500,52.431691
54.920164,53.948135
56.324837,55.490286
57.744911,57.057870
59.180777,58.650572
60.632825,60.268045
62.101445,61.909902
63.587019,63.575713
65.089926,65.265011
66.610530,66.977281
68.149188,68.711967
69.706239,70.468462
71.282003,72.246116
72.876778,74.044226
74.490838,75.862042
76.124427,77.698761
77.777755,79.553530
79.450993,81.425442
81.144273,83.313540
82.857678,85.216814
84.591241,87.134203
86.344939,89.064597
88.118688,91.006834
89.912338,92.959707
91.725672,94.921962
93.558393,96.892305
95.410130,98.869398
97.280426,100.851873
99.168735,102.838324
101.074425,104.827323
102.996764,106.817417
104.934926,108.807136
106.887986,110.795002
108.854917,112.779529
110.834591,114.759237
112.825778,116.732654
114.827147,118.698325
116.837268,120.654819
118.854613,122.600736
120.877561,124.534718
122.904402,126.455451
124.933340,128.361677
126.962503,130.252199
128.989946,132.125886
131.013661,133.981683
133.031587,135.818613
135.041614,137.635783
137.041599,139.432389
139.029371,141.207720
141.002747,142.961157
142.959536,144.692179
144.897555,146.400361
146.814641,148.085374
