theta2,vx,vy
0.012566,185.971731,-8.940280
0.025133,181.906014,-10.967166
0.037699,177.660081,-12.837237
0.050265,173.247080,-14.546865
0.062832,168.680591,-16.093514
0.075398,163.974503,-17.475735
0.087965,159.142892,-18.693144
0.100531,154.199903,-19.746391
0.113097,149.159636,-20.637112
0.125664,144.036034,-21.367875
0.138230,138.842792,-21.942121
0.150796,133.593259,-22.364086
0.163363,128.300359,-22.638733
0.175929,122.976525,-22.771665
0.188496,117.633632,-22.769050
0.201062,112.282952,-22.637532
0.213628,106.935113,-22.384151
0.226195,101.600071,-22.016264
0.238761,96.287089,-21.541464
0.251327,91.004730,-20.967507
0.263894,85.760849,-20.302243
0.276460,80.562604,-19.553550
0.289027,75.416463,-18.729273
0.301593,70.328222,-17.837175
0.314159,65.303032,-16.884884
0.326726,60.345416,-15.879854
0.339292,55.459308,-14.829329
0.351858,50.648076,-13.740308
0.364425,45.914562,-12.619526
0.376991,41.261113,-11.473429
0.389557,36.689617,-10.308161
0.402124,32.201538,-9.129552
0.414690,27.797952,-7.943109
0.427257,23.479579,-6.754015
0.439823,19.246818,-5.567127
0.452389,15.099777,-4.386979
0.464956,11.038306,-3.217784
0.477522,7.062023,-2.063444
0.490088,3.170343,-0.927557
0.502655,-0.637497,0.186576
0.515221,-4.362414,1.275936
0.527788,-8.005459,2.337778
0.540354,-11.567793,3.369616
0.552920,-15.050672,4.369213
0.565487,-18.455429,5.334567
0.578053,-21.783456,6.263896
0.590619,-25.036196,7.155629
0.603186,-28.215125,8.008391
0.615752,-31.321742,8.820990
0.628319,-34.357563,9.592407
0.640885,-37.324107,10.321781
0.653451,-40.222891,11.008401
0.666018,-43.055424,11.651693
0.678584,-45.823198,12.251211
0.691150,-48.527688,12.806623
0.703717,-51.170341,13.317710
0.716283,-53.752580,13.784347
0.728849,-56.275795,14.206503
0.741416,-58.741344,14.584227
0.753982,-61.150548,14.917645
0.766549,-63.504692,15.206951
0.779115,-65.805026,15.452401
0.791681,-68.052757,15.654306
0.804248,-70.249056,15.813030
0.816814,-72.395053,15.928978
0.829380,-74.491840,16.002601
0.841947,-76.540468,16.034380
0.854513,-78.541950,16.024833
0.867080,-80.497262,15.974504
0.879646,-82.407341,15.883962
0.892212,-84.273087,15.753798
0.904779,-86.095365,15.584621
0.917345,-87.875003,15.377057
0.929911,-89.612796,15.131747
0.942478,-91.309506,14.849341
0.955044,-92.965861,14.530500
0.967611,-94.582561,14.175894
0.980177,-96.160272,13.786196
0.992743,-97.699634,13.362087
1.005310,-99.201256,12.904250
1.017876,-100.665723,12.413370
1.030442,-102.093593,11.890133
1.043009,-103.485398,11.335225
1.055575,-104.841647,10.749333
1.068142,-106.162828,10.133141
1.080708,-107.449403,9.487332
1.093274,-108.701817,8.812584
1.105841,-109.920493,8.109574
1.118407,-111.105836,7.378975
1.130973,-112.258232,6.621455
1.143540,-113.378049,5.837678
1.156106,-114.465642,5.028305
1.168672,-115.521345,4.193989
1.181239,-116.545483,3.335379
1.193805,-117.538361,2.453120
1.206372,-118.500276,1.547851
1.218938,-119.431509,0.620203
1.231504,-120.332330,-0.329195
1.244071,-121.202998,-1.299721
1.256637,-122.043760,-2.290761
1.269203,-122.854853,-3.301703
1.281770,-123.636507,-4.331943
1.294336,-124.388940,-5.380882
1.306903,-125.112362,-6.447928
1.319469,-125.806977,-7.532492
1.332035,-126.472980,-8.633993
1.344602,-127.110558,-9.751854
1.357168,-127.719894,-10.885505
1.369734,-128.301163,-12.034379
1.382301,-128.854535,-13.197915
1.394867,-129.380174,-14.375559
1.407434,-129.878240,-15.566761
1.420000,-130.348888,-16.770974
1.432566,-130.792268,-17.987659
1.445133,-131.208528,-19.216278
1.457699,-131.597810,-20.456302
1.470265,-131.960256,-21.707204
1.482832,-132.296001,-22.968460
1.495398,-132.605181,-24.239553
1.507964,-132.887927,-25.519968
1.520531,-133.144368,-26.809196
1.533097,-133.374633,-28.106731
1.545664,-133.578848,-29.412069
1.558230,-133.757137,-30.724712
1.570796,-133.909624,-32.044165
1.583363,-134.036430,-33.369936
1.595929,-134.137678,-34.701535
1.608495,-134.213487,-36.038478
1.621062,-134.263979,-37.380282
1.633628,-134.289272,-38.726466
1.646195,-134.289487,-40.076554
1.658761,-134.264744,-41.430071
1.671327,-134.215161,-42.786545
1.683894,-134.140859,-44.145506
1.696460,-134.041958,-45.506487
1.709026,-133.918580,-46.869022
1.721593,-133.770846,-48.232648
1.734159,-133.598879,-49.596902
1.746726,-133.402801,-50.961325
1.759292,-133.182738,-52.325457
1.771858,-132.938814,-53.688842
1.784425,-132.671157,-55.051022
1.796991,-132.379894,-56.411542
1.809557,-132.065155,-57.769948
1.822124,-131.727070,-59.125786
1.834690,-131.365772,-60.478603
1.847256,-130.981396,-61.827945
1.859823,-130.574077,-63.173361
1.872389,-130.143953,-64.514395
1.884956,-129.691163,-65.850597
1.897522,-129.215850,-67.181512
1.910088,-128.718157,-68.506685
1.922655,-128.198230,-69.825662
1.935221,-127.656216,-71.137986
1.947787,-127.092267,-72.443200
1.960354,-126.506534,-73.740844
1.972920,-125.899173,-75.030458
1.985487,-125.270342,-76.311578
1.998053,-124.620200,-77.583739
2.010619,-123.948910,-78.846472
2.023186,-123.256637,-80.099307
2.035752,-122.543549,-81.341769
2.048318,-121.809818,-82.573379
2.060885,-121.055616,-83.793655
2.073451,-120.281121,-85.002110
2.086018,-119.486511,-86.198254
2.098584,-118.671971,-87.381589
2.111150,-117.837685,-88.551613
2.123717,-116.983842,-89.707817
2.136283,-116.110636,-90.849687
2.148849,-115.218262,-91.976700
2.161416,-114.306919,-93.088327
2.173982,-113.376810,-94.184029
2.186548,-112.428142,-95.263260
2.199115,-111.461126,-96.325464
2.211681,-110.475975,-97.370073
2.224248,-109.472908,-98.396512
2.236814,-108.452148,-99.404192
2.249380,-107.413922,-100.392512
2.261947,-106.358460,-101.360858
2.274513,-105.286000,-102.308602
2.287079,-104.196781,-103.235102
2.299646,-103.091050,-104.139701
2.312212,-101.969058,-105.021722
2.324779,-100.831061,-105.880474
2.337345,-99.677320,-106.715246
2.349911,-98.508105,-107.525307
2.362478,-97.323689,-108.309905
2.375044,-96.124352,-109.068266
2.387610,-94.910383,-109.799593
2.400177,-93.682074,-110.503064
2.412743,-92.439729,-111.177832
2.425310,-91.183658,-111.823022
2.437876,-89.914177,-112.437729
2.450442,-88.631615,-113.021022
2.463009,-87.336307,-113.571935
2.475575,-86.028599,-114.089470
2.488141,-84.708848,-114.572596
2.500708,-83.377421,-115.020245
2.513274,-82.034698,-115.431314
2.525840,-80.681069,-115.804660
2.538407,-79.316940,-116.139101
2.550973,-77.942730,-116.433414
2.563540,-76.558872,-116.686335
2.576106,-75.165815,-116.896559
2.588672,-73.764027,-117.062736
2.601239,-72.353991,-117.183472
2.613805,-70.936212,-117.257331
2.626371,-69.511213,-117.282835
2.638938,-68.079539,-117.258460
2.651504,-66.641759,-117.182644
2.664071,-65.198465,-117.053783
2.676637,-63.750275,-116.870239
2.689203,-62.297835,-116.630337
2.701770,-60.841818,-116.332374
2.714336,-59.382929,-115.974624
2.726902,-57.921904,-115.555339
2.739469,-56.459512,-115.072765
2.752035,-54.996556,-114.525141
2.764602,-53.533876,-113.910719
2.777168,-52.072350,-113.227769
2.789734,-50.612891,-112.474594
2.802301,-49.156457,-111.649548
2.814867,-47.704040,-110.751054
2.827433,-46.256677,-109.777617
2.840000,-44.815443,-108.727852
2.852566,-43.381453,-107.600507
2.865133,-41.955862,-106.394483
2.877699,-40.539861,-105.108865
2.890265,-39.134679,-103.742951
2.902832,-37.741573,-102.296279
2.915398,-36.361831,-100.768658
2.927964,-34.996765,-99.160200
2.940531,-33.647704,-97.471347
2.953097,-32.315989,-95.702903
2.965663,-31.002965,-93.856059
2.978230,-29.709974,-91.932419
2.990796,-28.438342,-89.934016
3.003363,-27.189374,-87.863335
3.015929,-25.964338,-85.723313
3.028495,-24.764458,-83.517352
3.041062,-23.590901,-81.249309
3.053628,-22.444762,-78.923487
3.066194,-21.327058,-76.544610
3.078761,-20.238713,-74.117800
3.091327,-19.180548,-71.648537
3.103894,-18.153273,-69.142612
3.116460,-17.157478,-66.606079
3.129026,-16.193627,-64.045190
3.141593,-15.262050,-61.466337
3.154159,-14.362946,-58.875981
3.166725,-13.496375,-56.280586
3.179292,-12.662266,-53.686548
3.191858,-11.860414,-51.100129
3.204425,-11.090487,-48.527393
3.216991,-10.352034,-45.974147
3.229557,-9.644492,-43.445890
3.242124,-8.967194,-40.947764
3.254690,-8.319383,-38.484521
3.267256,-7.700218,-36.060492
3.279823,-7.108790,-33.679565
3.292389,-6.544132,-31.345177
3.304955,-6.005230,-29.060307
3.317522,-5.491035,-26.827478
3.330088,-5.000473,-24.648771
3.342655,-4.532457,-22.525838
3.355221,-4.085895,-20.459922
3.367787,-3.659697,-18.451882
3.380354,-3.252784,-16.502220
3.392920,-2.864095,-14.611109
3.405486,-2.492591,-12.778423
3.418053,-2.137261,-11.003770
3.430619,-1.797124,-9.286518
3.443186,-1.471235,-7.625828
3.455752,-1.158681,-6.020681
3.468318,-0.858592,-4.469904
3.480885,-0.570133,-2.972197
3.493451,-0.292509,-1.526155
3.506017,-0.024965,-0.130292
3.518584,0.233219,1.216947
3.531150,0.482721,2.517157
3.543717,0.724184,3.771969
3.556283,0.958216,4.983028
3.568849,1.185390,6.151985
3.581416,1.406246,7.280488
3.593982,1.621293,8.370169
3.606548,1.831009,9.422638
3.619115,2.035846,10.439479
3.631681,2.236228,11.422244
3.644247,2.432553,12.372447
3.656814,2.625198,13.291562
3.669380,2.814515,14.181020
3.681947,3.000837,15.042209
3.694513,3.184477,15.876471
3.707079,3.365732,16.685102
3.719646,3.544879,17.469351
3.732212,3.722182,18.230423
3.744778,3.897890,18.969473
3.757345,4.072238,19.687614
3.769911,4.245449,20.385913
3.782478,4.417736,21.065395
3.795044,4.589299,21.727041
3.807610,4.760330,22.371793
3.820177,4.931011,23.000550
3.832743,5.101519,23.614176
3.845309,5.272019,24.213498
3.857876,5.442672,24.799304
3.870442,5.613633,25.372352
3.883009,5.785049,25.933364
3.895575,5.957065,26.483034
3.908141,6.129818,27.022024
3.920708,6.303444,27.550968
3.933274,6.478073,28.070473
3.945840,6.653833,28.581119
3.958407,6.830849,29.083463
3.970973,7.009241,29.578037
3.983539,7.189131,30.065352
3.996106,7.370635,30.545897
4.008672,7.553869,31.020141
4.021239,7.738948,31.488534
4.033805,7.925985,31.951507
4.046371,8.115093,32.409476
4.058938,8.306385,32.862837
4.071504,8.499970,33.311974
4.084070,8.695962,33.757254
4.096637,8.894470,34.199032
4.109203,9.095607,34.637648
4.121770,9.299485,35.073431
4.134336,9.506215,35.506698
4.146902,9.715913,35.937753
4.159469,9.928691,36.366891
4.172035,10.144665,36.794397
4.184601,10.363953,37.220547
4.197168,10.586671,37.645606
4.209734,10.812940,38.069832
4.222301,11.042881,38.493474
4.234867,11.276619,38.916776
4.247433,11.514277,39.339971
4.260000,11.755984,39.763287
4.272566,12.001870,40.186947
4.285132,12.252067,40.611165
4.297699,12.506711,41.036150
4.310265,12.765940,41.462108
4.322831,13.029894,41.889236
4.335398,13.298718,42.317728
4.347964,13.572560,42.747775
4.360531,13.851570,43.179559
4.373097,14.135902,43.613263
4.385663,14.425715,44.049061
4.398230,14.721171,44.487127
4.410796,15.022436,44.927629
4.423362,15.329681,45.370733
4.435929,15.643079,45.816600
4.448495,15.962811,46.265390
4.461062,16.289061,46.717257
4.473628,16.622018,47.172355
4.486194,16.961875,47.630832
4.498761,17.308833,48.092835
4.511327,17.663096,48.558509
4.523893,18.024876,49.027994
4.536460,18.394388,49.501430
4.549026,18.771856,49.978951
4.561593,19.157508,50.460692
4.574159,19.551580,50.946782
4.586725,19.954313,51.437350
4.599292,20.365958,51.932521
4.611858,20.786771,52.432417
4.624424,21.217016,52.937160
4.636991,21.656963,53.446864
4.649557,22.106892,53.961646
4.662123,22.567092,54.481616
4.674690,23.037857,55.006882
4.687256,23.519493,55.537550
4.699823,24.012313,56.073720
4.712389,24.516641,56.615490
4.724955,25.032807,57.162956
4.737522,25.561155,57.716207
4.750088,26.102036,58.275330
4.762654,26.655812,58.840407
4.775221,27.222858,59.411515
4.787787,27.803557,59.988726
4.800354,28.398303,60.572107
4.812920,29.007505,61.161720
4.825486,29.631579,61.757621
4.838053,30.270958,62.359859
4.850619,30.926084,62.968475
4.863185,31.597412,63.583506
4.875752,32.285412,64.204979
4.888318,32.990565,64.832913
4.900885,33.713368,65.467318
4.913451,34.454329,66.108195
4.926017,35.213973,66.755536
4.938584,35.992838,67.409320
4.951150,36.791476,68.069515
4.963716,37.610455,68.736079
4.976283,38.450358,69.408955
4.988849,39.311783,70.088070
5.001416,40.195344,70.773341
5.013982,41.101670,71.464664
5.026548,42.031407,72.161922
5.039115,42.985214,72.864976
5.051681,43.963769,73.573672
5.064247,44.967766,74.287832
5.076814,45.997911,75.007258
5.089380,47.054931,75.731727
5.101946,48.139565,76.460993
5.114513,49.252569,77.194782
5.127079,50.394713,77.932793
5.139646,51.566783,78.674696
5.152212,52.769578,79.420127
5.164778,54.003911,80.168691
5.177345,55.270609,80.919956
5.189911,56.570510,81.673453
5.202477,57.904463,82.428674
5.215044,59.273327,83.185067
5.227610,60.677972,83.942038
5.240177,62.119272,84.698944
5.252743,63.598108,85.455093
5.265309,65.115367,86.209742
5.277876,66.671934,86.962092
5.290442,68.268695,87.711287
5.303008,69.906533,88.456408
5.315575,71.586326,89.196477
5.328141,73.308940,89.930443
5.340708,75.075229,90.657191
5.353274,76.886031,91.375530
5.365840,78.742162,92.084191
5.378407,80.644411,92.781829
5.390973,82.593539,93.467015
5.403539,84.590266,94.138232
5.416106,86.635271,94.793877
5.428672,88.729184,95.432252
5.441238,90.872576,96.051565
5.453805,93.065954,96.649928
5.466371,95.309752,97.225348
5.478938,97.604319,97.775733
5.491504,99.949915,98.298884
5.504070,102.346693,98.792497
5.516637,104.794694,99.254157
5.529203,107.293833,99.681342
5.541769,109.843883,100.071422
5.554336,112.444468,100.421656
5.566902,115.095042,100.729197
5.579469,117.794878,100.991093
5.592035,120.543052,101.204288
5.604601,123.338425,101.365627
5.617168,126.179626,101.471864
5.629734,129.065038,101.519665
5.642300,131.992773,101.505616
5.654867,134.960662,101.426234
5.667433,137.966228,101.277980
5.680000,141.006673,101.057266
5.692566,144.078856,100.760474
5.705132,147.179275,100.383975
5.717699,150.304049,99.924143
5.730265,153.448902,99.377378
5.742831,156.609141,98.740132
5.755398,159.779649,98.008934
5.767964,162.954865,97.180415
5.780530,166.128772,96.251344
5.793097,169.294895,95.218659
5.805663,172.446284,94.079502
5.818230,175.575522,92.831257
5.830796,178.674717,91.471592
5.843362,181.735512,89.998496
5.855929,184.749091,88.410328
5.868495,187.706198,86.705855
5.881061,190.597156,84.884302
5.893628,193.411890,82.945392
5.906194,196.139966,80.889393
5.918761,198.770627,78.717160
5.931327,201.292841,76.430176
5.943893,203.695356,74.030590
5.956460,205.966757,71.521252
5.969026,208.095541,68.905741
5.981592,210.070187,66.188390
5.994159,211.879238,63.374305
6.006725,213.511391,60.469373
6.019292,214.955587,57.480266
6.031858,216.201109,54.414431
6.044424,217.237680,51.280076
6.056991,218.055568,48.086142
6.069557,218.645685,44.842261
6.082123,218.999687,41.558714
6.094690,219.110074,38.246363
6.107256,218.970284,34.916587
6.119822,218.574778,31.581197
6.132389,217.919116,28.252345
6.144955,217.000032,24.942431
6.157522,215.815488,21.663988
6.170088,214.364718,18.429579
6.182654,212.648262,15.251676
6.195221,210.667976,12.142546
6.207787,208.427038,9.114133
6.220353,205.929929,6.177938
6.232920,203.182402,3.344916
6.245486,200.191435,0.625365
6.258053,196.965168,-1.971172
6.270619,193.512828,-4.435987
6.283185,189.844641,-6.761293
6.295752,185.971731,-8.940280
6.308318,181.906014,-10.967166
6.320884,177.660081,-12.837237
6.333451,173.247080,-14.546865
6.346017,168.680591,-16.093514
6.358584,163.974503,-17.475735
6.371150,159.142892,-18.693144
6.383716,154.199903,-19.746391
6.396283,149.159636,-20.637112
6.408849,144.036034,-21.367875
6.421415,138.842792,-21.942121
6.433982,133.593259,-22.364086
6.446548,128.300359,-22.638733
6.459114,122.976525,-22.771665
6.471681,117.633632,-22.769050
6.484247,112.282952,-22.637532
6.496814,106.935113,-22.384151
6.509380,101.600071,-22.016264
6.521946,96.287089,-21.541464
6.534513,91.004730,-20.967507
6.547079,85.760849,-20.302243
6.559645,80.562604,-19.553550
6.572212,75.416463,-18.729273
6.584778,70.328222,-17.837175
6.597345,65.303032,-16.884884
6.609911,60.345416,-15.879854
6.622477,55.459308,-14.829329
6.635044,50.648076,-13.740308
6.647610,45.914562,-12.619526
6.660176,41.261113,-11.473429
6.672743,36.689617,-10.308161
6.685309,32.201538,-9.129552
6.697876,27.797952,-7.943109
6.710442,23.479579,-6.754015
6.723008,19.246818,-5.567127
6.735575,15.099777,-4.386979
6.748141,11.038306,-3.217784
6.760707,7.062023,-2.063444
6.773274,3.170343,-0.927557
6.785840,-0.637497,0.186576
6.798407,-4.362414,1.275936
6.810973,-8.005459,2.337778
6.823539,-11.567793,3.369616
6.836106,-15.050672,4.369213
6.848672,-18.455429,5.334567
6.861238,-21.783456,6.263896
6.873805,-25.036196,7.155629
6.886371,-28.215125,8.008391
6.898937,-31.321742,8.820990
6.911504,-34.357563,9.592407
6.924070,-37.324107,10.321781
6.936637,-40.222891,11.008401
6.949203,-43.055424,11.651693
6.961769,-45.823198,12.251211
6.974336,-48.527688,12.806623
6.986902,-51.170341,13.317710
6.999468,-53.752580,13.784347
7.012035,-56.275795,14.206503
7.024601,-58.741344,14.584227
7.037168,-61.150548,14.917645
7.049734,-63.504692,15.206951
7.062300,-65.805026,15.452401
7.074867,-68.052757,15.654306
7.087433,-70.249056,15.813030
7.099999,-72.395053,15.928978
7.112566,-74.491840,16.002601
7.125132,-76.540468,16.034380
7.137699,-78.541950,16.024833
7.150265,-80.497262,15.974504
7.162831,-82.407341,15.883962
7.175398,-84.273087,15.753798
7.187964,-86.095365,15.584621
7.200530,-87.875003,15.377057
7.213097,-89.612796,15.131747
7.225663,-91.309506,14.849341
7.238229,-92.965861,14.530500
7.250796,-94.582561,14.175894
7.263362,-96.160272,13.786196
7.275929,-97.699634,13.362087
7.288495,-99.201256,12.904250
7.301061,-100.665723,12.413370
7.313628,-102.093593,11.890133
7.326194,-103.485398,11.335225
7.338760,-104.841647,10.749333
7.351327,-106.162828,10.133141
7.363893,-107.449403,9.487332
7.376460,-108.701817,8.812584
7.389026,-109.920493,8.109574
7.401592,-111.105836,7.378975
7.414159,-112.258232,6.621455
7.426725,-113.378049,5.837678
7.439291,-114.465642,5.028305
7.451858,-115.521345,4.193989
7.464424,-116.545483,3.335379
7.476991,-117.538361,2.453120
7.489557,-118.500276,1.547851
7.502123,-119.431509,0.620203
7.514690,-120.332330,-0.329195
7.527256,-121.202998,-1.299721
7.539822,-122.043760,-2.290761
7.552389,-122.854853,-3.301703
7.564955,-123.636507,-4.331943
7.577521,-124.388940,-5.380882
7.590088,-125.112362,-6.447928
7.602654,-125.806977,-7.532492
7.615221,-126.472980,-8.633993
7.627787,-127.110558,-9.751854
7.640353,-127.719894,-10.885505
7.652920,-128.301163,-12.034379
7.665486,-128.854535,-13.197915
7.678052,-129.380174,-14.375559
7.690619,-129.878240,-15.566761
7.703185,-130.348888,-16.770974
7.715752,-130.792268,-17.987659
7.728318,-131.208528,-19.216278
7.740884,-131.597810,-20.456302
7.753451,-131.960256,-21.707204
7.766017,-132.296001,-22.968460
7.778583,-132.605181,-24.239553
7.791150,-132.887927,-25.519968
7.803716,-133.144368,-26.809196
7.816283,-133.374633,-28.106731
7.828849,-133.578848,-29.412069
7.841415,-133.757137,-30.724712
7.853982,-133.909624,-32.044165
7.866548,-134.036430,-33.369936
7.879114,-134.137678,-34.701535
7.891681,-134.213487,-36.038478
7.904247,-134.263979,-37.380282
7.916813,-134.289272,-38.726466
7.929380,-134.289487,-40.076554
7.941946,-134.264744,-41.430071
7.954513,-134.215161,-42.786545
7.967079,-134.140859,-44.145506
7.979645,-134.041958,-45.506487
7.992212,-133.918580,-46.869022
8.004778,-133.770846,-48.232648
8.017344,-133.598879,-49.596902
8.029911,-133.402801,-50.961325
8.042477,-133.182738,-52.325457
8.055044,-132.938814,-53.688842
8.067610,-132.671157,-55.051022
8.080176,-132.379894,-56.411542
8.092743,-132.065155,-57.769948
8.105309,-131.727070,-59.125786
8.117875,-131.365772,-60.478603
8.130442,-130.981396,-61.827945
8.143008,-130.574077,-63.173361
8.155575,-130.143953,-64.514395
8.168141,-129.691163,-65.850597
8.180707,-129.215850,-67.181512
8.193274,-128.718157,-68.506685
8.205840,-128.198230,-69.825662
8.218406,-127.656216,-71.137986
8.230973,-127.092267,-72.443200
8.243539,-126.506534,-73.740844
8.256105,-125.899173,-75.030458
8.268672,-125.270342,-76.311578
8.281238,-124.620200,-77.583739
8.293805,-123.948910,-78.846472
8.306371,-123.256637,-80.099307
8.318937,-122.543549,-81.341769
8.331504,-121.809818,-82.573379
8.344070,-121.055616,-83.793655
8.356636,-120.281121,-85.002110
8.369203,-119.486511,-86.198254
8.381769,-118.671971,-87.381589
8.394336,-117.837685,-88.551613
8.406902,-116.983842,-89.707817
8.419468,-116.110636,-90.849687
8.432035,-115.218262,-91.976700
8.444601,-114.306919,-93.088327
8.457167,-113.376810,-94.184029
8.469734,-112.428142,-95.263260
8.482300,-111.461126,-96.325464
8.494867,-110.475975,-97.370073
8.507433,-109.472908,-98.396512
8.519999,-108.452148,-99.404192
8.532566,-107.413922,-100.392512
8.545132,-106.358460,-101.360858
8.557698,-105.286000,-102.308602
8.570265,-104.196781,-103.235102
8.582831,-103.091050,-104.139701
8.595398,-101.969058,-105.021722
8.607964,-100.831061,-105.880474
8.620530,-99.677320,-106.715246
8.633097,-98.508105,-107.525307
8.645663,-97.323689,-108.309905
8.658229,-96.124352,-109.068266
8.670796,-94.910383,-109.799593
8.683362,-93.682074,-110.503064
8.695928,-92.439729,-111.177832
8.708495,-91.183658,-111.823022
8.721061,-89.914177,-112.437729
8.733628,-88.631615,-113.021022
8.746194,-87.336307,-113.571935
8.758760,-86.028599,-114.089470
8.771327,-84.708848,-114.572596
8.783893,-83.377421,-115.020245
8.796459,-82.034698,-115.431314
8.809026,-80.681069,-115.804660
8.821592,-79.316940,-116.139101
8.834159,-77.942730,-116.433414
8.846725,-76.558872,-116.686335
8.859291,-75.165815,-116.896559
8.871858,-73.764027,-117.062736
8.884424,-72.353991,-117.183472
8.896990,-70.936212,-117.257331
8.909557,-69.511213,-117.282835
8.922123,-68.079539,-117.258460
8.934690,-66.641759,-117.182644
8.947256,-65.198465,-117.053783
8.959822,-63.750275,-116.870239
8.972389,-62.297835,-116.630337
8.984955,-60.841818,-116.332374
8.997521,-59.382929,-115.974624
9.010088,-57.921904,-115.555339
9.022654,-56.459512,-115.072765
9.035220,-54.996556,-114.525141
9.047787,-53.533876,-113.910719
9.060353,-52.072350,-113.227769
9.072920,-50.612891,-112.474594
9.085486,-49.156457,-111.649548
9.098052,-47.704040,-110.751054
9.110619,-46.256677,-109.777617
9.123185,-44.815443,-108.727852
9.135751,-43.381453,-107.600507
9.148318,-41.955862,-106.394483
9.160884,-40.539861,-105.108865
9.173451,-39.134679,-103.742951
9.186017,-37.741573,-102.296279
9.198583,-36.361831,-100.768658
9.211150,-34.996765,-99.160200
9.223716,-33.647704,-97.471347
9.236282,-32.315989,-95.702903
9.248849,-31.002965,-93.856059
9.261415,-29.709974,-91.932419
9.273982,-28.438342,-89.934016
9.286548,-27.189374,-87.863335
9.299114,-25.964338,-85.723313
9.311681,-24.764458,-83.517352
9.324247,-23.590901,-81.249309
9.336813,-22.444762,-78.923487
9.349380,-21.327058,-76.544610
9.361946,-20.238713,-74.117800
9.374512,-19.180548,-71.648537
9.387079,-18.153273,-69.142612
9.399645,-17.157478,-66.606079
9.412212,-16.193627,-64.045190
9.424778,-15.262050,-61.466337
9.437344,-14.362946,-58.875981
9.449911,-13.496375,-56.280586
9.462477,-12.662266,-53.686548
9.475043,-11.860414,-51.100129
9.487610,-11.090487,-48.527393
9.500176,-10.352034,-45.974147
9.512743,-9.644492,-43.445890
9.525309,-8.967194,-40.947764
9.537875,-8.319383,-38.484521
9.550442,-7.700218,-36.060492
9.563008,-7.108790,-33.679565
9.575574,-6.544132,-31.345177
9.588141,-6.005230,-29.060307
9.600707,-5.491035,-26.827478
9.613274,-5.000473,-24.648771
9.625840,-4.532457,-22.525838
9.638406,-4.085895,-20.459922
9.650973,-3.659697,-18.451882
9.663539,-3.252784,-16.502220
9.676105,-2.864095,-14.611109
9.688672,-2.492591,-12.778423
9.701238,-2.137261,-11.003770
9.713804,-1.797124,-9.286518
9.726371,-1.471235,-7.625828
9.738937,-1.158681,-6.020681
9.751504,-0.858592,-4.469904
9.764070,-0.570133,-2.972197
9.776636,-0.292509,-1.526155
9.789203,-0.024965,-0.130292
9.801769,0.233219,1.216947
9.814335,0.482721,2.517157
9.826902,0.724184,3.771969
9.839468,0.958216,4.983028
9.852035,1.185390,6.151985
9.864601,1.406246,7.280488
9.877167,1.621293,8.370169
9.889734,1.831009,9.422638
9.902300,2.035846,10.439479
9.914866,2.236228,11.422244
9.927433,2.432553,12.372447
9.939999,2.625198,13.291562
9.952566,2.814515,14.181020
9.965132,3.000837,15.042209
9.977698,3.184477,15.876471
9.990265,3.365732,16.685102
10.002831,3.544879,17.469351
10.015397,3.722182,18.230423
10.027964,3.897890,18.969473
10.040530,4.072238,19.687614
10.053096,4.245449,20.385913
10.065663,4.417736,21.065395
10.078229,4.589299,21.727041
10.090796,4.760330,22.371793
10.103362,4.931011,23.000550
10.115928,5.101519,23.614176
10.128495,5.272019,24.213498
10.141061,5.442672,24.799304
10.153627,5.613633,25.372352
10.166194,5.785049,25.933364
10.178760,5.957065,26.483034
10.191327,6.129818,27.022024
10.203893,6.303444,27.550968
10.216459,6.478073,28.070473
10.229026,6.653833,28.581119
10.241592,6.830849,29.083463
10.254158,7.009241,29.578037
10.266725,7.189131,30.065352
10.279291,7.370635,30.545897
10.291858,7.553869,31.020141
10.304424,7.738948,31.488534
10.316990,7.925985,31.951507
10.329557,8.115093,32.409476
10.342123,8.306385,32.862837
10.354689,8.499970,33.311974
10.367256,8.695962,33.757254
10.379822,8.894470,34.199032
10.392388,9.095607,34.637648
10.404955,9.299485,35.073431
10.417521,9.506215,35.506698
10.430088,9.715913,35.937753
10.442654,9.928691,36.366891
10.455220,10.144665,36.794397
10.467787,10.363953,37.220547
10.480353,10.586671,37.645606
10.492919,10.812940,38.069832
10.505486,11.042881,38.493474
10.518052,11.276619,38.916776
10.530619,11.514277,39.339971
10.543185,11.755984,39.763287
10.555751,12.001870,40.186947
10.568318,12.252067,40.611165
10.580884,12.506711,41.036150
10.593450,12.765940,41.462108
10.606017,13.029894,41.889236
10.618583,13.298718,42.317728
10.631150,13.572560,42.747775
10.643716,13.851570,43.179559
10.656282,14.135902,43.613263
10.668849,14.425715,44.049061
10.681415,14.721171,44.487127
10.693981,15.022436,44.927629
10.706548,15.329681,45.370733
10.719114,15.643079,45.816600
10.731681,15.962811,46.265390
10.744247,16.289061,46.717257
10.756813,16.622018,47.172355
10.769380,16.961875,47.630832
10.781946,17.308833,48.092835
10.794512,17.663096,48.558509
10.807079,18.024876,49.027994
10.819645,18.394388,49.501430
10.832211,18.771856,49.978951
10.844778,19.157508,50.460692
10.857344,19.551580,50.946782
10.869911,19.954313,51.437350
10.882477,20.365958,51.932521
10.895043,20.786771,52.432417
10.907610,21.217016,52.937160
10.920176,21.656963,53.446864
10.932742,22.106892,53.961646
10.945309,22.567092,54.481616
10.957875,23.037857,55.006882
10.970442,23.519493,55.537550
10.983008,24.012313,56.073720
10.995574,24.516641,56.615490
11.008141,25.032807,57.162956
11.020707,25.561155,57.716207
11.033273,26.102036,58.275330
11.045840,26.655812,58.840407
11.058406,27.222858,59.411515
11.070973,27.803557,59.988726
11.083539,28.398303,60.572107
11.096105,29.007505,61.161720
11.108672,29.631579,61.757621
11.121238,30.270958,62.359859
11.133804,30.926084,62.968475
11.146371,31.597412,63.583506
11.158937,32.285412,64.204979
11.171503,32.990565,64.832913
11.184070,33.713368,65.467318
11.196636,34.454329,66.108195
11.209203,35.213973,66.755536
11.221769,35.992838,67.409320
11.234335,36.791476,68.069515
11.246902,37.610455,68.736079
11.259468,38.450358,69.408955
11.272034,39.311783,70.088070
11.284601,40.195344,70.773341
11.297167,41.101670,71.464664
11.309734,42.031407,72.161922
11.322300,42.985214,72.864976
11.334866,43.963769,73.573672
11.347433,44.967766,74.287832
11.359999,45.997911,75.007258
11.372565,47.054931,75.731727
11.385132,48.139565,76.460993
11.397698,49.252569,77.194782
11.410265,50.394713,77.932793
11.422831,51.566783,78.674696
11.435397,52.769578,79.420127
11.447964,54.003911,80.168691
11.460530,55.270609,80.919956
11.473096,56.570510,81.673453
11.485663,57.904463,82.428674
11.498229,59.273327,83.185067
11.510795,60.677972,83.942038
11.523362,62.119272,84.698944
11.535928,63.598108,85.455093
11.548495,65.115367,86.209742
11.561061,66.671934,86.962092
11.573627,68.268695,87.711287
11.586194,69.906533,88.456408
11.598760,71.586326,89.196477
11.611326,73.308940,89.930443
11.623893,75.075229,90.657191
11.636459,76.886031,91.375530
11.649026,78.742162,92.084191
11.661592,80.644411,92.781829
11.674158,82.593539,93.467015
11.686725,84.590266,94.138232
11.699291,86.635271,94.793877
11.711857,88.729184,95.432252
11.724424,90.872576,96.051565
11.736990,93.065954,96.649928
11.749557,95.309752,97.225348
11.762123,97.604319,97.775733
11.774689,99.949915,98.298884
11.787256,102.346693,98.792497
11.799822,104.794694,99.254157
11.812388,107.293833,99.681342
11.824955,109.843883,100.071422
11.837521,112.444468,100.421656
11.850087,115.095042,100.729197
11.862654,117.794878,100.991093
11.875220,120.543052,101.204288
11.887787,123.338425,101.365627
11.900353,126.179626,101.471864
11.912919,129.065038,101.519665
11.925486,131.992773,101.505616
11.938052,134.960662,101.426234
11.950618,137.966228,101.277980
11.963185,141.006673,101.057266
11.975751,144.078856,100.760474
11.988318,147.179275,100.383975
12.000884,150.304049,99.924143
12.013450,153.448902,99.377378
12.026017,156.609141,98.740132
12.038583,159.779649,98.008934
12.051149,162.954865,97.180415
12.063716,166.128772,96.251344
12.076282,169.294895,95.218659
12.088849,172.446284,94.079502
12.101415,175.575522,92.831257
12.113981,178.674717,91.471592
12.126548,181.735512,89.998496
12.139114,184.749091,88.410328
12.151680,187.706198,86.705855
12.164247,190.597156,84.884302
12.176813,193.411890,82.945392
12.189379,196.139966,80.889393
12.201946,198.770627,78.717160
12.214512,201.292841,76.430176
12.227079,203.695356,74.030590
12.239645,205.966757,71.521252
12.252211,208.095541,68.905741
12.264778,210.070187,66.188390
12.277344,211.879238,63.374305
12.289910,213.511391,60.469373
12.302477,214.955587,57.480266
12.315043,216.201109,54.414431
12.327610,217.237680,51.280076
12.340176,218.055568,48.086142
12.352742,218.645685,44.842261
12.365309,218.999687,41.558714
12.377875,219.110074,38.246363
12.390441,218.970284,34.916587
12.403008,218.574778,31.581197
12.415574,217.919116,28.252345
12.428141,217.000032,24.942431
12.440707,215.815488,21.663988
12.453273,214.364718,18.429579
12.465840,212.648262,15.251676
12.478406,210.667976,12.142546
12.490972,208.427038,9.114133
12.503539,205.929929,6.177938
12.516105,203.182402,3.344916
12.528672,200.191435,0.625365
12.541238,196.965168,-1.971172
