t,kinetic_energy,potential_energy,total_energy,angular_velocity,com_y
0,59.4,5940,5999.4,0,45
0.0333333,62.3333,5937.07,5999.4,0,44.9778
0.0666667,71.1333,5928.27,5999.4,0,44.9111
0.1,85.8,5913.6,5999.4,0,44.8
0.133333,106.333,5893.07,5999.4,0,44.6444
0.166667,132.733,5866.67,5999.4,0,44.4444
0.2,165,5834.4,5999.4,0,44.2
0.233333,203.133,5796.27,5999.4,0,43.9111
0.266667,247.133,5752.27,5999.4,0,43.5778
0.3,297,5702.4,5999.4,0,43.2
0.333333,352.733,5646.67,5999.4,0,42.7778
0.366667,414.333,5585.07,5999.4,0,42.3111
0.4,481.8,5517.6,5999.4,0,41.8
0.433333,555.133,5444.27,5999.4,0,41.2444
0.466667,634.333,5365.07,5999.4,0,40.6444
0.5,719.4,5280,5999.4,0,40
0.533333,810.333,5189.07,5999.4,0,39.3111
0.566667,907.133,5092.27,5999.4,0,38.5778
0.6,1009.8,4989.6,5999.4,0,37.8
0.633333,1118.33,4881.07,5999.4,0,36.9778
0.666667,1232.73,4766.67,5999.4,0,36.1111
0.7,1353,4646.4,5999.4,0,35.2
0.733333,1479.13,4520.27,5999.4,0,34.2444
0.766667,1611.13,4388.27,5999.4,0,33.2444
0.8,1749,4250.4,5999.4,0,32.2
0.833333,1892.73,4106.67,5999.4,0,31.1111
0.866667,2042.33,3957.07,5999.4,0,29.9778
0.9,2197.8,3801.6,5999.4,0,28.8
0.933333,2359.13,3640.27,5999.4,0,27.5778
0.966667,2526.33,3473.07,5999.4,0,26.3111
1,2699.4,3300,5999.4,0,25
1.03333,2878.33,3121.07,5999.4,0,23.6444
1.06667,3063.13,2936.27,5999.4,0,22.2444
1.1,3253.8,2745.6,5999.4,0,20.8
1.13333,3450.33,2549.07,5999.4,0,19.3111
1.16667,3652.73,2346.67,5999.4,0,17.7778
1.2,3861,2138.4,5999.4,0,16.2
1.23333,4022.41,1978.05,6000.47,-8.56159,14.9852
1.26667,4012.36,1988.1,6000.47,-8.56159,15.0614
1.3,4008.18,1992.28,6000.47,-8.56159,15.0931
1.33333,4009.87,1990.6,6000.47,-8.56159,15.0803
1.36667,4017.42,1983.05,6000.47,-8.56159,15.0231
1.4,4030.83,1969.63,6000.47,-8.56159,14.9215
1.43333,4050.12,1950.35,6000.47,-8.56159,14.7754
1.46667,4075.27,1925.2,6000.47,-8.56159,14.5848
1.5,4106.28,1894.18,6000.47,-8.56159,14.3499
1.53333,4143.17,1857.3,6000.47,-8.56159,14.0704
1.56667,4185.92,1814.55,6000.47,-8.56159,13.7466
1.6,4234.54,1765.93,6000.47,-8.56159,13.3783
1.63333,4289.02,1711.45,6000.47,-8.56159,12.9655
1.66667,4349.37,1651.1,6000.47,-8.56159,12.5083
1.7,4415.59,1584.88,6000.47,-8.56159,12.0067
1.73333,4487.67,1512.79,6000.47,-8.56159,11.4606
1.76667,4565.62,1434.84,6000.47,-8.56159,10.87
1.8,4575.33,1433.04,6008.37,7.39901,10.8564
1.83333,4442.67,1565.7,6008.37,7.39901,11.8614
1.86667,4315.88,1692.49,6008.37,7.39901,12.8219
1.9,4194.96,1813.41,6008.37,7.39901,13.7379
1.93333,4079.9,1928.46,6008.37,7.39901,14.6096
1.96667,3970.72,2037.65,6008.37,7.39901,15.4368
2,3867.39,2140.97,6008.37,7.39901,16.2195
2.03333,3769.94,2238.43,6008.37,7.39901,16.9578
2.06667,3678.35,2330.02,6008.37,7.39901,17.6517
2.1,3592.63,2415.74,6008.37,7.39901,18.3011
2.13333,3512.77,2495.6,6008.37,7.39901,18.906
2.16667,3438.78,2569.58,6008.37,7.39901,19.4665
2.2,3370.66,2637.71,6008.37,7.39901,19.9826
2.23333,3308.41,2699.96,6008.37,7.39901,20.4543
2.26667,3252.02,2756.35,6008.37,7.39901,20.8814
2.3,3201.5,2806.87,6008.37,7.39901,21.2642
2.33333,3156.84,2851.53,6008.37,7.39901,21.6025
2.36667,3118.05,2890.32,6008.37,7.39901,21.8963
2.4,3085.13,2923.24,6008.37,7.39901,22.1457
2.43333,3058.08,2950.29,6008.37,7.39901,22.3507
2.46667,3036.89,2971.48,6008.37,7.39901,22.5112
2.5,3021.56,2986.8,6008.37,7.39901,22.6273
2.53333,3012.11,2996.26,6008.37,7.39901,22.6989
2.56667,3008.52,2999.85,6008.37,7.39901,22.7261
2.6,3010.8,2997.57,6008.37,7.39901,22.7089
2.63333,3018.94,2989.43,6008.37,7.39901,22.6472
2.66667,3032.96,2975.41,6008.37,7.39901,22.541
2.7,3052.83,2955.54,6008.37,7.39901,22.3904
2.73333,3078.58,2929.79,6008.37,7.39901,22.1954
2.76667,3110.19,2898.18,6008.37,7.39901,21.9559
2.8,3147.67,2860.7,6008.37,7.39901,21.672
2.83333,3191.01,2817.36,6008.37,7.39901,21.3436
2.86667,3240.22,2768.15,6008.37,7.39901,20.9708
2.9,3295.3,2713.07,6008.37,7.39901,20.5535
2.93333,3356.25,2652.12,6008.37,7.39901,20.0918
2.96667,3423.06,2585.31,6008.37,7.39901,19.5857
3,3495.74,2512.63,6008.37,7.39901,19.0351
3.03333,3574.28,2434.09,6008.37,7.39901,18.4401
3.06667,3658.69,2349.68,6008.37,7.39901,17.8006
3.1,3748.97,2259.4,6008.37,7.39901,17.1167
3.13333,3845.11,2163.25,6008.37,7.39901,16.3883
3.16667,3947.13,2061.24,6008.37,7.39901,15.6155
3.2,4055,1953.36,6008.37,7.39901,14.7982
3.23333,4168.75,1839.62,6008.37,7.39901,13.9365
3.26667,4179.01,1832.14,6011.15,-6.25266,13.8798
3.3,4028.24,1982.91,6011.15,-6.25266,15.0221
3.33333,3883.33,2127.82,6011.15,-6.25266,16.1198
3.36667,3744.29,2266.86,6011.15,-6.25266,17.1732
3.4,3611.12,2400.03,6011.15,-6.25266,18.1821
3.43333,3483.81,2527.34,6011.15,-6.25266,19.1465
3.46667,3362.37,2648.78,6011.15,-6.25266,20.0665
3.5,3246.8,2764.35,6011.15,-6.25266,20.9421
3.53333,3137.09,2874.06,6011.15,-6.25266,21.7732
3.56667,3033.25,2977.9,6011.15,-6.25266,22.5598
3.6,2935.28,3075.87,6011.15,-6.25266,23.3021
3.63333,2843.17,3167.98,6011.15,-6.25266,23.9998
3.66667,2756.93,3254.22,6011.15,-6.25266,24.6532
3.7,2676.56,3334.59,6011.15,-6.25266,25.2621
3.73333,2602.05,3409.1,6011.15,-6.25266,25.8265
3.76667,2533.41,3477.74,6011.15,-6.25266,26.3465
3.8,2470.64,3540.51,6011.15,-6.25266,26.8221
3.83333,2413.73,3597.42,6011.15,-6.25266,27.2532
3.86667,2362.69,3648.46,6011.15,-6.25266,27.6399
3.9,2317.52,3693.63,6011.15,-6.25266,27.9821
3.93333,2278.21,3732.94,6011.15,-6.25266,28.2799
3.96667,2244.77,3766.38,6011.15,-6.25266,28.5332
4,2217.2,3793.95,6011.15,-6.25266,28.7421
4.03333,2195.49,3815.66,6011.15,-6.25266,28.9065
4.06667,2179.65,3831.5,6011.15,-6.25266,29.0265
4.1,2169.67,3841.47,6011.15,-6.25266,29.1021
4.13333,2165.57,3845.58,6011.15,-6.25266,29.1332
4.16667,2167.33,3843.82,6011.15,-6.25266,29.1199
4.2,2174.95,3836.19,6011.15,-6.25266,29.0621
4.23333,2188.45,3822.7,6011.15,-6.25266,28.9599
4.26667,2207.81,3803.34,6011.15,-6.25266,28.8132
4.3,2233.03,3778.12,6011.15,-6.25266,28.6221
4.33333,2264.13,3747.02,6011.15,-6.25266,28.3865
4.36667,2301.09,3710.06,6011.15,-6.25266,28.1065
4.4,2343.91,3667.24,6011.15,-6.25266,27.7821
4.43333,2392.61,3618.54,6011.15,-6.25266,27.4132
4.46667,2447.17,3563.98,6011.15,-6.25266,26.9999
4.5,2507.59,3503.56,6011.15,-6.25266,26.5421
4.53333,2573.89,3437.26,6011.15,-6.25266,26.0399
4.56667,2646.05,3365.1,6011.15,-6.25266,25.4932
4.6,2724.07,3287.08,6011.15,-6.25266,24.9021
4.63333,2807.97,3203.18,6011.15,-6.25266,24.2665
4.66667,2897.73,3113.42,6011.15,-6.25266,23.5865
4.7,2993.35,3017.8,6011.15,-6.25266,22.8621
4.73333,3094.85,2916.3,6011.15,-6.25266,22.0932
4.76667,3202.21,2808.94,6011.15,-6.25266,21.2799
4.8,3315.43,2695.72,6011.15,-6.25266,20.4221
4.83333,3434.53,2576.62,6011.15,-6.25266,19.5199
4.86667,3559.49,2451.66,6011.15,-6.25266,18.5732
4.9,3690.31,2320.84,6011.15,-6.25266,17.5821
4.93333,3827.01,2184.14,6011.15,-6.25266,16.5465
4.96667,3969.57,2041.58,6011.15,-6.25266,15.4665
5,4117.99,1893.16,6011.15,-6.25266,14.3421
5.03333,4272.29,1743.39,6015.67,7.94277,13.2075
5.06667,4177.46,1838.21,6015.67,7.94277,13.9258
5.1,4088.51,1927.16,6015.67,7.94277,14.5997
5.13333,4005.42,2010.25,6015.67,7.94277,15.2292
5.16667,3928.2,2087.47,6015.67,7.94277,15.8142
5.2,3856.85,2158.83,6015.67,7.94277,16.3547
5.23333,3791.36,2224.31,6015.67,7.94277,16.8508
5.26667,3731.74,2283.93,6015.67,7.94277,17.3025
5.3,3677.99,2337.69,6015.67,7.94277,17.7097
5.33333,3630.1,2385.57,6015.67,7.94277,18.0725
5.36667,3588.08,2427.59,6015.67,7.94277,18.3909
5.4,3551.93,2463.75,6015.67,7.94277,18.6648
5.43333,3521.64,2494.04,6015.67,7.94277,18.8942
5.46667,3497.22,2518.46,6015.67,7.94277,19.0792
5.5,3478.67,2537.01,6015.67,7.94277,19.2198
5.53333,3465.98,2549.7,6015.67,7.94277,19.3159
5.56667,3459.16,2556.52,6015.67,7.94277,19.3676
5.6,3458.2,2557.47,6015.67,7.94277,19.3748
5.63333,3463.12,2552.56,6015.67,7.94277,19.3376
5.66667,3473.9,2541.78,6015.67,7.94277,19.2559
5.7,3490.54,2525.13,6015.67,7.94277,19.1298
5.73333,3513.06,2502.62,6015.67,7.94277,18.9592
5.76667,3541.43,2474.24,6015.67,7.94277,18.7442
5.8,3575.68,2439.99,6015.67,7.94277,18.4848
5.83333,3615.79,2399.88,6015.67,7.94277,18.1809
5.86667,3661.77,2353.9,6015.67,7.94277,17.8326
5.9,3713.62,2302.06,6015.67,7.94277,17.4398
5.93333,3771.33,2244.34,6015.67,7.94277,17.0026
5.96667,3834.91,2180.76,6015.67,7.94277,16.5209
6,3904.36,2111.32,6015.67,7.94277,15.9948
