alpha_deg,alpha_rad,v2f
0.000000,0.000000,13.333334
0.460874,0.008044,13.333549
0.921747,0.016088,13.334196
1.382621,0.024131,13.335272
1.843495,0.032175,13.336779
2.304369,0.040219,13.338711
2.765242,0.048263,13.341069
3.226116,0.056306,13.343849
3.686990,0.064350,13.347047
4.147863,0.072394,13.350659
4.608737,0.080438,13.354681
5.069611,0.088481,13.359109
5.530485,0.096525,13.363937
5.991358,0.104569,13.369158
6.452232,0.112613,13.374769
6.913106,0.120656,13.380760
7.373980,0.128700,13.387123
7.834853,0.136744,13.393855
8.295727,0.144788,13.400945
8.756601,0.152832,13.408384
9.217474,0.160875,13.416165
9.678348,0.168919,13.424279
10.139222,0.176963,13.432715
10.600096,0.185007,13.441466
11.060969,0.193050,13.450518
11.521843,0.201094,13.459864
11.982717,0.209138,13.469493
12.443590,0.217182,13.479393
12.904464,0.225225,13.489554
13.365338,0.233269,13.499963
13.826212,0.241313,13.510611
14.287085,0.249357,13.521484
14.747959,0.257400,13.532572
15.208833,0.265444,13.543861
15.669706,0.273488,13.555342
16.130580,0.281532,13.567000
16.591454,0.289575,13.578823
17.052328,0.297619,13.590800
17.513201,0.305663,13.602917
17.974075,0.313707,13.615163
18.434949,0.321751,13.627523
18.895823,0.329794,13.639986
19.356696,0.337838,13.652538
19.817570,0.345882,13.665170
20.278444,0.353926,13.677865
20.739317,0.361969,13.690611
21.200191,0.370013,13.703398
21.661065,0.378057,13.716211
22.121939,0.386101,13.729038
22.582812,0.394144,13.741866
23.043686,0.402188,13.754683
23.504560,0.410232,13.767477
23.965433,0.418276,13.780236
24.426307,0.426319,13.792946
24.887181,0.434363,13.805596
25.348055,0.442407,13.818175
25.808928,0.450451,13.830669
26.269802,0.458495,13.843067
26.730676,0.466538,13.855359
27.191550,0.474582,13.867530
27.652423,0.482626,13.879571
28.113297,0.490670,13.891470
28.574171,0.498713,13.903217
29.035044,0.506757,13.914798
29.495918,0.514801,13.926205
29.956792,0.522845,13.937427
30.417666,0.530888,13.948450
30.878539,0.538932,13.959269
31.339413,0.546976,13.969869
31.800287,0.555020,13.980242
32.261160,0.563063,13.990378
32.722034,0.571107,14.000266
33.182908,0.579151,14.009897
33.643782,0.587195,14.019262
34.104655,0.595239,14.028351
34.565529,0.603282,14.037154
35.026403,0.611326,14.045664
35.487276,0.619370,14.053871
35.948150,0.627414,14.061766
36.409024,0.635457,14.069340
