v2f,H
0.000000,0.000000
0.100000,-0.398000
0.200000,-0.791998
0.300000,-1.181992
0.400000,-1.567974
0.500000,-1.949937
0.600000,-2.327870
0.700000,-2.701759
0.800000,-3.071588
0.900000,-3.437339
1.000000,-3.798990
1.100000,-4.156518
1.200000,-4.509896
1.300000,-4.859095
1.400000,-5.204081
1.500000,-5.544820
1.600000,-5.881273
1.700000,-6.213397
1.800000,-6.541148
1.900000,-6.864475
2.000000,-7.183326
2.100000,-7.497644
2.200000,-7.807367
2.300000,-8.112430
2.400000,-8.412762
2.500000,-8.708287
2.600000,-8.998925
2.700000,-9.284588
2.800000,-9.565184
2.900000,-9.840614
3.000000,-10.110770
3.100000,-10.375539
3.200000,-10.634797
3.300000,-10.888414
3.400000,-11.136248
3.500000,-11.378147
3.600000,-11.613948
3.700000,-11.843474
3.800000,-12.066535
3.900000,-12.282925
4.000000,-12.492423
4.100000,-12.694784
4.200000,-12.889748
4.300000,-13.077027
4.400000,-13.256309
4.500000,-13.427249
4.600000,-13.589470
4.700000,-13.742557
4.800000,-13.886048
4.900000,-14.019431
5.000000,-14.142136
5.100000,-14.253519
5.200000,-14.352859
5.300000,-14.439335
5.400000,-14.512010
5.500000,-14.569805
5.600000,-14.611470
5.700000,-14.635540
5.800000,-14.640280
5.900000,-14.623611
6.000000,-14.583005
6.100000,-14.515335
6.200000,-14.416652
6.300000,-14.281850
6.400000,-14.104117
6.500000,-13.874008
6.600000,-13.577743
6.700000,-13.193747
6.800000,-12.684524
6.900000,-11.972642
7.000000,-10.828427
7.100000,-8.400000
7.200000,-8.800000
7.300000,-9.200000
7.400000,-9.600000
7.500000,-10.000000
7.600000,-10.400000
7.700000,-10.800000
7.800000,-11.200000
7.900000,-11.600000
8.000000,-12.000000
8.100000,-12.400000
8.200000,-12.800000
8.300000,-13.200000
8.400000,-13.600000
8.500000,-14.000000
8.600000,-14.400000
8.700000,-14.800000
8.800000,-15.200000
8.900000,-15.600000
9.000000,-16.000000
9.100000,-16.400000
9.200000,-16.800000
9.300000,-17.200000
9.400000,-17.600000
9.500000,-18.000000
9.600000,-18.400000
9.700000,-18.800000
9.800000,-19.200000
9.900000,-19.600000
10.000000,-20.000000
