purple_y_cm,white_vi_cm_s
15,58.7
16,58.4
17,58.1
18,57.8
19,57.5
20,57.2
21,56.9
22,56.6
23,56.3
24,56
25,55.7
26,55.4
27,55.1
28,54.8
29,54.6
30,54.3
31,54
32,53.7
33,53.5
34,53.2
35,52.9
36,52.7
37,52.4
38,52.2
39,51.9
40,51.7
41,51.4
42,51.2
43,51
44,50.8
45,50.5
46,50.3
47,50.1
48,49.9
49,49.7
50,49.5
51,49.3
52,49.1
53,49
54,48.8
55,48.6
56,48.5
57,48.3
58,48.2
59,48
60,47.9
61,47.8
62,47.6
63,47.5
64,47.4
65,47.3
66,47.2
67,47.1
68,47.1
69,47
70,46.9
71,46.9
72,46.8
73,46.8
74,46.7
75,46.7
76,46.7
77,46.7
78,46.7
79,46.7
80,46.7
81,46.7
82,46.8
83,46.8
84,46.9
85,46.9
86,47
87,86.7
88,65.2
89,57.3
90,53.1
91,50.6
92,49.1
93,48.2
94,47.8
95,47.9
96,48.4
97,49.4
98,51
99,53.5
100,57.4
101,64.3
102,80.1
103,100
104,49.3
105,49.5
106,49.7
107,49.9
108,50.1
109,50.4
110,50.6
111,50.8
112,51
113,51.3
114,51.5
115,51.8
116,52
