d,v2f_percent
0.000000,100.000000
0.100000,99.986014
0.200000,99.944362
0.300000,99.874980
0.400000,99.777533
0.500000,99.652094
0.600000,99.498741
0.700000,99.317096
0.800000,99.107125
0.900000,98.868554
1.000000,98.601349
1.100000,98.305101
1.200000,97.979633
1.300000,97.624512
1.400000,97.239665
1.500000,96.824617
1.600000,96.378872
1.700000,95.902150
1.800000,95.393954
1.900000,94.853660
2.000000,94.280875
2.100000,93.674987
2.200000,93.035249
2.300000,92.361022
2.400000,91.651551
2.500000,90.905979
2.600000,90.123351
2.700000,89.302850
2.800000,88.443309
2.900000,87.543651
3.000000,86.602565
3.100000,85.618680
3.200000,84.590544
3.300000,83.516455
3.400000,82.394751
3.500000,81.223276
3.600000,79.999980
3.700000,78.722397
3.800000,77.387949
3.900000,75.993383
4.000000,74.535610
4.100000,73.010611
4.200000,71.414222
4.300000,69.741528
4.400000,67.986853
4.500000,66.143808
4.600000,64.204466
4.700000,62.160155
4.800000,60.000008
4.900000,57.710977
5.000000,55.276986
5.100000,52.678213
5.200000,49.888834
5.300000,46.874509
5.400000,43.589147
5.500000,39.965303
5.600000,35.901031
5.700000,31.224988
5.800000,25.603674
5.900000,18.180850
6.000000,0.000000
