dt,error_hmax_pct,error_range_pct
1.00000000e-06,1.69214309e-10,3.34995511e-05
1.39999807e-06,1.53158131e-09,9.16201787e-05
1.95999459e-06,2.36497055e-09,2.28220508e-04
2.74398863e-06,3.15971993e-09,9.01414618e-05
3.84157878e-06,5.88551885e-09,1.31519102e-04
5.37820287e-06,2.64999919e-08,7.47157108e-04
7.52947362e-06,4.81430502e-08,9.60810890e-04
1.05412485e-05,3.33533590e-09,5.76517186e-04
1.47577275e-05,2.09290860e-07,2.16192925e-03
2.06607900e-05,1.20469830e-07,9.35391636e-05
2.89250661e-05,2.19467232e-07,4.68470833e-03
4.04950366e-05,7.04682420e-08,2.65492625e-03
5.66929730e-05,2.48335562e-06,6.48940125e-03
7.93700526e-05,6.24564533e-09,7.89740386e-04
1.11117920e-04,1.01101202e-05,1.36286460e-02
1.55564873e-04,9.71599726e-07,9.85699730e-03
2.17790522e-04,3.67097162e-05,2.49797978e-02
3.04906310e-04,1.20859557e-07,3.47646361e-03
4.26868245e-04,6.90590226e-05,1.33088024e-02
5.97614717e-04,3.03010865e-05,5.50464221e-02
8.36659449e-04,1.77092653e-04,1.33076164e-01
1.17132161e-03,1.23768666e-03,1.60296628e-01
1.63984799e-03,7.56606546e-04,6.94967229e-03
2.29578402e-03,3.56008038e-03,2.21303405e-01
3.21409319e-03,8.04274138e-03,3.71309088e-01
4.49972425e-03,3.12127700e-05,5.58683899e-02
6.29960525e-03,8.80922866e-03,9.38574912e-01
8.81943517e-03,8.80661258e-03,9.38435537e-01
1.23471922e-02,8.80399689e-03,9.38296163e-01
1.72860452e-02,3.04733597e-02,1.74566204e+00
2.42004299e-02,8.27153331e-02,2.87602735e+00
3.38805550e-02,1.16411475e+00,5.24994419e+00
4.74327115e-02,7.35045031e-01,8.18228383e-01
6.64057045e-02,7.35019325e-01,8.57332680e+00
9.29678579e-02,4.66644594e+00,6.40171335e+00
1.30154821e-01,7.66286465e+00,6.40156643e+00
1.82216498e-01,3.67473175e+00,1.91695899e+01
2.55102745e-01,4.46721069e+01,2.51278966e+01
3.57143350e-01,2.81765618e+00,1.67858755e+01
5.00000000e-01,4.03225000e+01,6.35000000e+01
