X,Y
0.000000,0.000000
68.256184,168.218945
136.125756,332.337782
203.610905,492.379733
270.713808,648.367891
337.436631,800.325217
403.781527,948.274542
469.750635,1092.238568
535.346086,1232.239868
600.569994,1368.300889
665.424465,1500.443947
729.911591,1628.691235
794.033453,1753.064820
857.792120,1873.586642
921.189648,1990.278518
984.228084,2103.162141
1046.909461,2212.259083
1109.235803,2317.590792
1171.209118,2419.178593
1232.831409,2517.043694
1294.104662,2611.207180
1355.030854,2701.690018
1415.611952,2788.513055
1475.849910,2871.697021
1535.746672,2951.262529
1595.304170,3027.230073
1654.524326,3099.620033
1713.409050,3168.452673
1771.960244,3233.748142
1830.179795,3295.526475
1888.069582,3353.807594
1945.631473,3408.611308
2002.867326,3459.957312
2059.778986,3507.865193
2116.368291,3552.354423
2172.637066,3593.444367
2228.587127,3631.154279
2284.220279,3665.503303
2339.538316,3696.510476
2394.543025,3724.194728
2449.236179,3748.574879
2503.619543,3769.669644
2557.694872,3787.497633
2611.463911,3802.077348
2664.928395,3813.427188
2718.090048,3821.565449
2770.950586,3826.510320
2823.511714,3828.279890
2875.775129,3826.892143
2927.742516,3822.364964
2979.415553,3814.716134
3030.795906,3803.963336
3081.885234,3790.124149
3132.685184,3773.216057
3183.197397,3753.256441
3233.423501,3730.262587
3283.365117,3704.251680
3333.023857,3675.240809
3382.401323,3643.246967
3431.499108,3608.287050
3480.318796,3570.377857
3528.861963,3529.536095
3577.130174,3485.778373
3625.124987,3439.121207
3672.847951,3389.581022
3720.300605,3337.174146
3767.484481,3281.916817
3814.401100,3223.825180
3861.051977,3162.915289
3907.438617,3099.203108
3953.562517,3032.704508
3999.425164,2963.435273
4045.028038,2891.411096
4090.372612,2816.647580
4135.460347,2739.160243
4180.292700,2658.964512
4224.871115,2576.075727
4269.197032,2490.509144
4313.271880,2402.279929
4357.097083,2311.403163
4400.674053,2217.893843
4444.004197,2121.766880
4487.088913,2023.037101
4529.929592,1921.719248
4572.527614,1817.827981
4614.884356,1711.377875
4657.001182,1602.383425
4698.879453,1490.859042
4740.520520,1376.819056
4781.925726,1260.277715
4823.096407,1141.249188
4864.033891,1019.747562
4904.739499,895.786846
4945.214546,769.380967
4985.460335,640.543777
5025.478167,509.289045
5065.269333,375.630465
5104.835115,239.581654
5144.176792,101.156149
5183.295631,-39.632587
