time,x0,x1,x2,x3,x4,x5,x6,x7,x8,x9,x10,x11,x12,x13,x14,x15,x16,x17,x18,x19
0.0000,100.0000,20.0000,20.0000,20.0000,20.0000,20.0000,20.0000,20.0000,20.0000,20.0000,20.0000,20.0000,20.0000,20.0000,20.0000,20.0000,20.0000,20.0000,20.0000,100.0000
0.0315,100.0000,60.0000,20.0000,20.0000,20.0000,20.0000,20.0000,20.0000,20.0000,20.0000,20.0000,20.0000,20.0000,20.0000,20.0000,20.0000,20.0000,20.0000,60.0000,100.0000
0.0630,100.0000,60.0000,40.0000,20.0000,20.0000,20.0000,20.0000,20.0000,20.0000,20.0000,20.0000,20.0000,20.0000,20.0000,20.0000,20.0000,20.0000,40.0000,60.0000,100.0000
0.0944,100.0000,70.0000,40.0000,30.0000,20.0000,20.0000,20.0000,20.0000,20.0000,20.0000,20.0000,20.0000,20.0000,20.0000,20.0000,20.0000,30.0000,40.0000,70.0000,100.0000
0.1259,100.0000,70.0000,50.0000,30.0000,25.0000,20.0000,20.0000,20.0000,20.0000,20.0000,20.0000,20.0000,20.0000,20.0000,20.0000,25.0000,30.0000,50.0000,70.0000,100.0000
0.1574,100.0000,75.0000,50.0000,37.5000,25.0000,22.5000,20.0000,20.0000,20.0000,20.0000,20.0000,20.0000,20.0000,20.0000,22.5000,25.0000,37.5000,50.0000,75.0000,100.0000
0.1889,100.0000,75.0000,56.2500,37.5000,30.0000,22.5000,21.2500,20.0000,20.0000,20.0000,20.0000,20.0000,20.0000,21.2500,22.5000,30.0000,37.5000,56.2500,75.0000,100.0000
0.2203,100.0000,78.1250,56.2500,43.1250,30.0000,25.6250,21.2500,20.6250,20.0000,20.0000,20.0000,20.0000,20.6250,21.2500,25.6250,30.0000,43.1250,56.2500,78.1250,100.0000
0.2518,100.0000,78.1250,60.6250,43.1250,34.3750,25.6250,23.1250,20.6250,20.3125,20.0000,20.0000,20.3125,20.6250,23.1250,25.6250,34.3750,43.1250,60.6250,78.1250,100.0000
0.2833,100.0000,80.3125,60.6250,47.5000,34.3750,28.7500,23.1250,21.7188,20.3125,20.1562,20.1562,20.3125,21.7188,23.1250,28.7500,34.3750,47.5000,60.6250,80.3125,100.0000
0.3148,100.0000,80.3125,63.9062,47.5000,38.1250,28.7500,25.2344,21.7188,20.9375,20.2344,20.2344,20.9375,21.7188,25.2344,28.7500,38.1250,47.5000,63.9062,80.3125,100.0000
0.3463,100.0000,81.9531,63.9062,51.0156,38.1250,31.6797,25.2344,23.0859,20.9766,20.5859,20.5859,20.9766,23.0859,25.2344,31.6797,38.1250,51.0156,63.9062,81.9531,100.0000
0.3777,100.0000,81.9531,66.4844,51.0156,41.3477,31.6797,27.3828,23.1055,21.8359,20.7812,20.7812,21.8359,23.1055,27.3828,31.6797,41.3477,51.0156,66.4844,81.9531,100.0000
0.4092,100.0000,83.2422,66.4844,53.9160,41.3477,34.3652,27.3926,24.6094,21.9434,21.3086,21.3086,21.9434,24.6094,27.3926,34.3652,41.3477,53.9160,66.4844,83.2422,100.0000
0.4407,100.0000,83.2422,68.5791,53.9160,44.1406,34.3701,29.4873,24.6680,22.9590,21.6260,21.6260,22.9590,24.6680,29.4873,34.3701,44.1406,53.9160,68.5791,83.2422,100.0000
0.4722,100.0000,84.2896,68.5791,56.3599,44.1431,36.8140,29.5190,26.2231,23.1470,22.2925,22.2925,23.1470,26.2231,29.5190,36.8140,44.1431,56.3599,68.5791,84.2896,100.0000
0.5037,100.0000,84.2896,70.3247,56.3611,46.5869,36.8311,31.5186,26.3330,24.2578,22.7197,22.7197,24.2578,26.3330,31.5186,36.8311,46.5869,56.3611,70.3247,84.2896,100.0000
0.5351,100.0000,85.1624,70.3253,58.4558,46.5961,39.0527,31.5820,27.8882,24.5264,23.4888,23.4888,24.5264,27.8882,31.5820,39.0527,46.5961,58.4558,70.3253,85.1624,100.0000
0.5666,100.0000,85.1627,71.8091,58.4607,48.7543,39.0891,33.4705,28.0542,25.6885,24.0076,24.0076,25.6885,28.0542,33.4705,39.0891,48.7543,58.4607,71.8091,85.1627,100.0000
0.5981,100.0000,85.9045,71.8117,60.2817,48.7749,41.1124,33.5716,29.5795,26.0309,24.8480,24.8480,26.0309,29.5795,33.5716,41.1124,48.7749,60.2817,71.8117,85.9045,100.0000
0.6296,100.0000,85.9058,73.0931,60.2933,50.6970,41.1732,35.3459,29.8013,27.2137,25.4395,25.4395,27.2137,29.8013,35.3459,41.1732,50.6970,60.2933,73.0931,85.9058,100.0000
0.6610,100.0000,86.5466,73.0996,61.8951,50.7333,43.0215,35.4873,31.2798,27.6204,26.3266,26.3266,27.6204,31.2798,35.4873,43.0215,50.7333,61.8951,73.0996,86.5466,100.0000
0.6925,100.0000,86.5498,74.2208,61.9164,52.4583,43.1103,37.1507,31.5538,28.8032,26.9735,26.9735,28.8032,31.5538,37.1507,43.1103,52.4583,61.9164,74.2208,86.5498,100.0000
0.7240,100.0000,87.1104,74.2331,63.3395,52.5133,44.8045,37.3320,32.9769,29.2636,27.8883,27.8883,29.2636,32.9769,37.3320,44.8045,52.5133,63.3395,74.2331,87.1104,100.0000
0.7555,100.0000,87.1165,75.2250,63.3732,54.0720,44.9227,38.8907,33.2978,30.4326,28.5760,28.5760,30.4326,33.2978,38.8907,44.9227,54.0720,63.3732,75.2250,87.1165,100.0000
0.7870,100.0000,87.6125,75.2449,64.6485,54.1479,46.4813,39.1103,34.6617,30.9369,29.5043,29.5043,30.9369,34.6617,39.1103,46.4813,54.1479,64.6485,75.2449,87.6125,100.0000
0.8184,100.0000,87.6224,76.1305,64.6964,55.5649,46.6291,40.5715,35.0236,32.0830,30.2206,30.2206,32.0830,35.0236,40.5715,46.6291,55.5649,64.6964,76.1305,87.6224,100.0000
0.8499,100.0000,88.0652,76.1594,65.8477,55.6628,48.0682,40.8263,36.3272,32.6221,31.1518,31.1518,32.6221,36.3272,40.8263,48.0682,55.6628,65.8477,76.1594,88.0652,100.0000
0.8814,100.0000,88.0797,76.9565,65.9111,56.9580,48.2446,42.1977,36.7242,33.7395,31.8870,31.8870,33.7395,36.7242,42.1977,48.2446,56.9580,65.9111,76.9565,88.0797,100.0000
0.9129,100.0000,88.4782,76.9954,66.9572,57.0778,49.5778,42.4844,37.9686,34.3056,32.8132,32.8132,34.3056,37.9686,42.4844,49.5778,57.0778,66.9572,76.9954,88.4782,100.0000
0.9443,100.0000,88.4977,77.7177,67.0366,58.2675,49.7811,43.7732,38.3950,35.3909,33.5594,33.5594,35.3909,38.3950,43.7732,49.7811,58.2675,67.0366,77.7177,88.4977,100.0000
0.9758,100.0000,88.8589,77.7672,67.9926,58.4089,51.0204,44.0880,39.5821,35.9772,34.4752,34.4752,35.9772,39.5821,44.0880,51.0204,58.4089,67.9926,77.7672,88.8589,100.0000
1.0073,100.0000,88.8836,78.4257,68.0880,59.5065,51.2485,45.3012,40.0326,37.0286,35.2262,35.2262,37.0286,40.0326,45.3012,51.2485,59.5065,68.0880,78.4257,88.8836,100.0000
1.0388,100.0000,89.2129,78.4858,68.9661,59.6682,52.4039,45.6405,41.1649,37.6294,36.1274,36.1274,37.6294,41.1649,45.6405,52.4039,59.6682,68.9661,78.4858,89.2129,100.0000
1.0703,100.0000,89.2429,79.0895,69.0770,60.6850,52.6544,46.7844,41.6350,38.6462,36.8784,36.8784,38.6462,41.6350,46.7844,52.6544,60.6850,69.0770,79.0895,89.2429,100.0000
1.1017,100.0000,89.5447,79.1600,69.8872,60.8657,53.7347,47.1447,42.7153,39.2567,37.7623,37.7623,39.2567,42.7153,47.1447,53.7347,60.8657,69.8872,79.1600,89.5447,100.0000
1.1332,100.0000,89.5800,79.7160,70.0128,61.8110,54.0052,48.2250,43.2007,40.2388,38.5095,38.5095,40.2388,43.2007,48.2250,54.0052,61.8110,70.0128,79.7160,89.5800,100.0000
1.1647,100.0000,89.8580,79.7964,70.7635,62.0090,55.0180,48.6029,44.2319,40.8551,39.3741,39.3741,40.8551,44.2319,48.6029,55.0180,62.0090,70.7635,79.7964,89.8580,100.0000
1.1962,100.0000,89.8982,80.3107,70.9027,62.8907,55.3060,49.6249,44.7290,41.8030,40.1146,40.1146,41.8030,44.7290,49.6249,55.3060,62.8907,70.9027,80.3107,89.8982,100.0000
1.2277,100.0000,90.1554,80.4005,71.6007,63.1043,56.2578,50.0175,45.7140,42.4218,40.9588,40.9588,42.4218,45.7140,50.0175,56.2578,63.1043,71.6007,80.4005,90.1554,100.0000
1.2591,100.0000,90.2002,80.8781,71.7524,63.9293,56.5609,50.9859,46.2197,43.3364,41.6903,41.6903,43.3364,46.2197,50.9859,56.5609,63.9293,71.7524,80.8781,90.2002,100.0000
1.2906,100.0000,90.4390,80.9763,72.4037,64.1567,57.4576,51.3903,47.1611,43.9550,42.5134,42.5134,43.9550,47.1611,51.3903,57.4576,64.1567,72.4037,80.9763,90.4390,100.0000
1.3221,100.0000,90.4882,81.4213,72.5665,64.9306,57.7735,52.3094,47.6726,44.8373,43.2342,43.2342,44.8373,47.6726,52.3094,57.7735,64.9306,72.5665,81.4213,90.4882,100.0000
1.3536,100.0000,90.7107,81.5273,73.1760,65.1700,58.6200,52.7230,48.5733,45.4534,44.0357,44.0357,45.4534,48.5733,52.7230,58.6200,65.1700,73.1760,81.5273,90.7107,100.0000
1.3850,100.0000,90.7637,81.9433,73.3486,65.8980,58.9465,53.5967,49.0882,46.3045,44.7446,44.7446,46.3045,49.0882,53.5967,58.9465,65.8980,73.3486,81.9433,90.7637,100.0000
1.4165,100.0000,90.9717,82.0562,73.9207,66.1476,59.7473,54.0174,49.9506,46.9164,45.5245,45.5245,46.9164,49.9506,54.0174,59.7473,66.1476,73.9207,82.0562,90.9717,100.0000
1.4480,100.0000,91.0281,82.4462,74.1019,66.8340,60.0825,54.8490,50.4669,47.7376,46.2205,46.2205,47.7376,50.4669,54.8490,60.0825,66.8340,74.1019,82.4462,91.0281,100.0000
1.4795,100.0000,91.2231,82.5650,74.6401,67.0922,60.8415,55.2747,51.2933,48.3437,46.9790,46.9790,48.3437,51.2933,55.2747,60.8415,67.0922,74.6401,82.5650,91.2231,100.0000
1.5110,100.0000,91.2825,82.9316,74.8286,67.7408,61.1834,56.0674,51.8092,49.1361,47.6613,47.6613,49.1361,51.8092,56.0674,61.1834,67.7408,74.8286,82.9316,91.2825,100.0000
1.5424,100.0000,91.4658,83.0555,75.3362,68.0060,61.9041,56.4963,52.6017,49.7353,48.3987,48.3987,49.7353,52.6017,56.4963,61.9041,68.0060,75.3362,83.0555,91.4658,100.0000
1.5739,100.0000,91.5278,83.4010,75.5308,68.6201,62.2511,57.2529,53.1158,50.5002,49.0670,49.0670,50.5002,53.1158,57.2529,62.2511,68.6201,75.5308,83.4010,91.5278,100.0000
1.6054,100.0000,91.7005,83.5293,76.0106,68.8910,62.9365,57.6835,53.8766,51.0914,49.7836,49.7836,51.0914,53.8766,57.6835,62.9365,68.8910,76.0106,83.5293,91.7005,100.0000
1.6369,100.0000,91.7646,83.8555,76.2101,69.4735,63.2872,58.4065,54.3874,51.8301,50.4375,50.4375,51.8301,54.3874,58.4065,63.2872,69.4735,76.2101,83.8555,91.7646,100.0000
1.6683,100.0000,91.9278,83.9874,76.6645,69.7487,63.9400,58.8373,55.1183,52.4125,51.1338,51.1338,52.4125,55.1183,58.8373,63.9400,69.7487,76.6645,83.9874,91.9278,100.0000
1.6998,100.0000,91.9937,84.2961,76.8680,70.3023,64.2930,59.5292,55.6249,53.1261,51.7731,51.7731,53.1261,55.6249,59.5292,64.2930,70.3023,76.8680,84.2961,91.9937,100.0000
1.7313,100.0000,92.1481,84.4309,77.2992,70.5805,64.9157,59.9589,56.3276,53.6990,52.4496,52.4496,53.6990,56.3276,59.9589,64.9157,70.5805,77.2992,84.4309,92.1481,100.0000
1.7628,100.0000,92.2154,84.7236,77.5057,71.1075,65.2697,60.6217,56.8290,54.3886,53.0743,53.0743,54.3886,56.8290,60.6217,65.2697,71.1075,77.5057,84.7236,92.2154,100.0000
1.7943,100.0000,92.3618,84.8606,77.9156,71.3877,65.8646,61.0493,57.5051,54.9516,53.7315,53.7315,54.9516,57.5051,61.0493,65.8646,71.3877,77.9156,84.8606,92.3618,100.0000
1.8257,100.0000,92.4303,85.1387,78.1241,71.8901,66.2185,61.6849,58.0005,55.6183,54.3415,54.3415,55.6183,58.0005,61.6849,66.2185,71.8901,78.1241,85.1387,92.4303,100.0000
1.8572,100.0000,92.5693,85.2772,78.5144,72.1713,66.7875,62.1095,58.6516,56.1710,54.9799,54.9799,56.1710,58.6516,62.1095,66.7875,72.1713,78.5144,85.2772,92.5693,100.0000
1.8887,100.0000,92.6386,85.5419,78.7243,72.6509,67.1404,62.7195,59.1403,56.8158,55.5755,55.5755,56.8158,59.1403,62.7195,67.1404,72.6509,78.7243,85.5419,92.6386,100.0000
1.9202,100.0000,92.7709,85.6814,79.0964,72.9323,67.6852,63.1403,59.7676,57.3579,56.1956,56.1956,57.3579,59.7676,63.1403,67.6852,72.9323,79.0964,85.6814,92.7709,100.0000
1.9516,100.0000,92.8407,85.9337,79.3069,73.3908,68.0363,63.7264,60.2491,57.9816,56.7767,56.7767,57.9816,60.2491,63.7264,68.0363,73.3908,79.3069,85.9337,92.8407,100.0000
1.9831,100.0000,92.9668,86.0738,79.6622,73.6716,68.5586,64.1427,60.8540,58.5129,57.3792,57.3792,58.5129,60.8540,64.1427,68.5586,73.6716,79.6622,86.0738,92.9668,100.0000
2.0146,100.0000,93.0369,86.3145,79.8727,74.1104,68.9072,64.7063,61.3278,59.1166,57.9461,57.9461,59.1166,61.3278,64.7063,68.9072,74.1104,79.8727,86.3145,93.0369,100.0000
2.0461,100.0000,93.1573,86.4548,80.2125,74.3899,69.4084,65.1175,61.9115,59.6369,58.5313,58.5313,59.6369,61.9115,65.1175,69.4084,74.3899,80.2125,86.4548,93.1573,100.0000
2.0776,100.0000,93.2274,86.6849,80.4224,74.8104,69.7537,65.6599,62.3772,60.2214,59.0841,59.0841,60.2214,62.3772,65.6599,69.7537,74.8104,80.4224,86.6849,93.2274,100.0000
2.1090,100.0000,93.3424,86.8249,80.7477,75.0880,70.2352,66.0655,62.9407,60.7307,59.6528,59.6528,60.7307,62.9407,66.0655,70.2352,75.0880,80.7477,86.8249,93.3424,100.0000
2.1405,100.0000,93.4124,87.0450,80.9565,75.4914,70.5768,66.5879,63.3981,61.2967,60.1917,60.1917,61.2967,63.3981,66.5879,70.5768,75.4914,80.9565,87.0450,93.4124,100.0000
2.1720,100.0000,93.5225,87.1845,81.2682,75.7666,71.0397,66.9874,63.9423,61.7949,60.7442,60.7442,61.7949,63.9423,66.9874,71.0397,75.7666,81.2682,87.1845,93.5225,100.0000
2.2035,100.0000,93.5922,87.3954,81.4755,76.1539,71.3770,67.4910,64.3912,62.3433,61.2696,61.2696,62.3433,64.3912,67.4910,71.3770,76.1539,81.4755,87.3954,93.5922,100.0000
2.2350,100.0000,93.6977,87.5339,81.7747,76.4263,71.8225,67.8841,64.9171,62.8304,61.8064,61.8064,62.8304,64.9171,67.8841,71.8225,76.4263,81.7747,87.5339,93.6977,100.0000
2.2664,100.0000,93.7669,87.7362,81.9801,76.7986,72.1552,68.3698,65.3572,63.3618,62.3184,62.3184,63.3618,65.3572,68.3698,72.1552,76.7986,81.9801,87.7362,93.7669,100.0000
2.2979,100.0000,93.8681,87.8735,82.2674,77.0676,72.5842,68.7562,65.8658,63.8378,62.8401,62.8401,63.8378,65.8658,68.7562,72.5842,77.0676,82.2674,87.8735,93.8681,100.0000
2.3294,100.0000,93.9368,88.0677,82.4706,77.4258,72.9119,69.2250,66.2970,64.3529,63.3389,63.3389,64.3529,66.2970,69.2250,72.9119,77.4258,82.4706,88.0677,93.9368,100.0000
2.3609,100.0000,94.0339,88.2037,82.7468,77.6912,73.3254,69.6045,66.7890,64.8180,63.8459,63.8459,64.8180,66.7890,69.6045,73.3254,77.6912,82.7468,88.2037,94.0339,100.0000
2.3923,100.0000,94.1018,88.3903,82.9474,78.0361,73.6478,70.0572,67.2112,65.3174,64.3320,64.3320,65.3174,67.2112,70.0572,73.6478,78.0361,82.9474,88.3903,94.1018,100.0000
2.4238,100.0000,94.1952,88.5246,83.2132,78.2976,74.0466,70.4295,67.6873,65.7716,64.8247,64.8247,65.7716,67.6873,70.4295,74.0466,78.2976,83.2132,88.5246,94.1952,100.0000
2.4553,100.0000,94.2623,88.7042,83.4111,78.6299,74.3636,70.8670,68.1006,66.2560,65.2981,65.2981,66.2560,68.1006,70.8670,74.3636,78.6299,83.4111,88.7042,94.2623,100.0000
2.4868,100.0000,94.3521,88.8367,83.6670,78.8874,74.7484,71.2321,68.5615,66.6993,65.7771,65.7771,66.6993,68.5615,71.2321,74.7484,78.8874,83.6670,88.8367,94.3521,100.0000
2.5183,100.0000,94.4184,89.0096,83.8620,79.2077,75.0597,71.6550,68.9657,67.1693,66.2382,66.2382,67.1693,68.9657,71.6550,75.0597,79.2077,83.8620,89.0096,94.4184,100.0000
2.5497,100.0000,94.5048,89.1402,84.1086,79.4609,75.4313,72.0127,69.4121,67.6020,66.7037,66.7037,67.6020,69.4121,72.0127,75.4313,79.4609,84.1086,89.1402,94.5048,100.0000
2.5812,100.0000,94.5701,89.3067,84.3005,79.7700,75.7368,72.4217,69.8073,68.0579,67.1529,67.1529,68.0579,69.8073,72.4217,75.7368,79.7700,84.3005,89.3067,94.5701,100.0000
2.6127,100.0000,94.6534,89.4353,84.5384,80.0187,76.0959,72.7721,70.2398,68.4801,67.6054,67.6054,68.4801,70.2398,72.7721,76.0959,80.0187,84.5384,89.4353,94.6534,100.0000
2.6442,100.0000,94.7177,89.5959,84.7270,80.3171,76.3954,73.1678,70.6261,68.9226,68.0427,68.0427,68.9226,70.6261,73.1678,76.3954,80.3171,84.7270,89.5959,94.7177,100.0000
2.6756,100.0000,94.7979,89.7223,84.9565,80.5612,76.7425,73.5107,71.0452,69.3344,68.4827,68.4827,69.3344,71.0452,73.5107,76.7425,80.5612,84.9565,89.7223,94.7979,100.0000
2.7071,100.0000,94.8612,89.8772,85.1418,80.8495,77.0360,73.8939,71.4226,69.7640,68.9085,68.9085,69.7640,71.4226,73.8939,77.0360,80.8495,85.1418,89.8772,94.8612,100.0000
2.7386,100.0000,94.9386,90.0015,85.3633,81.0889,77.3717,74.2293,71.8289,70.1656,69.3362,69.3362,70.1656,71.8289,74.2293,77.3717,81.0889,85.3633,90.0015,94.9386,100.0000
2.7701,100.0000,95.0007,90.1510,85.5452,81.3675,77.6591,74.6003,72.1974,70.5826,69.7509,69.7509,70.5826,72.1974,74.6003,77.6591,81.3675,85.5452,90.1510,95.0007,100.0000
2.8016,100.0000,95.0755,90.2729,85.7592,81.6021,77.9839,74.9282,72.5914,70.9742,70.1667,70.1667,70.9742,72.5914,74.9282,77.9839,81.6021,85.7592,90.2729,95.0755,100.0000
2.8330,100.0000,95.1365,90.4174,85.9375,81.8716,78.2652,75.2877,72.9512,71.3791,70.5704,70.5704,71.3791,72.9512,75.2877,78.2652,81.8716,85.9375,90.4174,95.1365,100.0000
2.8645,100.0000,95.2087,90.5370,86.1445,82.1013,78.5796,75.6082,73.3334,71.7608,70.9748,70.9748,71.7608,73.3334,75.6082,78.5796,82.1013,86.1445,90.5370,95.2087,100.0000
2.8960,100.0000,95.2685,90.6766,86.3192,82.3620,78.8548,75.9565,73.6845,72.1541,71.3678,71.3678,72.1541,73.6845,75.9565,78.8548,82.3620,86.3192,90.6766,95.2685,100.0000
2.9275,100.0000,95.3383,90.7938,86.5193,82.5870,79.1593,76.2696,74.0553,72.5261,71.7609,71.7609,72.5261,74.0553,76.2696,79.1593,82.5870,86.5193,90.7938,95.3383,100.0000
2.9590,100.0000,95.3969,90.9288,86.6904,82.8393,79.4283,76.6073,74.3979,72.9081,72.1435,72.1435,72.9081,74.3979,76.6073,79.4283,82.8393,86.6904,90.9288,95.3969,100.0000
2.9904,100.0000,95.4644,91.0437,86.8840,83.0594,79.7233,76.9131,74.7577,73.2707,72.5258,72.5258,73.2707,74.7577,76.9131,79.7233,83.0594,86.8840,91.0437,95.4644,100.0000
3.0219,100.0000,95.5218,91.1742,87.0515,83.3037,79.9862,77.2405,75.0919,73.6418,72.8983,72.8983,73.6418,75.0919,77.2405,79.9862,83.3037,87.0515,91.1742,95.5218,100.0000
3.0534,100.0000,95.5871,91.2867,87.2389,83.5189,80.2721,77.5391,75.4411,73.9951,73.2700,73.2700,73.9951,75.4411,77.5391,80.2721,83.5189,87.2389,91.2867,95.5871,100.0000
3.0849,100.0000,95.6433,91.4130,87.4028,83.7555,80.5290,77.8566,75.7671,74.3556,73.6326,73.6326,74.3556,75.7671,77.8566,80.5290,83.7555,87.4028,91.4130,95.6433,100.0000
3.1163,100.0000,95.7065,91.5231,87.5843,83.9659,80.8061,78.1480,76.1061,74.6998,73.9941,73.9941,74.6998,76.1061,78.1480,80.8061,83.9659,87.5843,91.5231,95.7065,100.0000
3.1478,100.0000,95.7615,91.6454,87.7445,84.1952,81.0569,78.4561,76.4239,75.0501,74.3469,74.3469,75.0501,76.4239,78.4561,81.0569,84.1952,87.7445,91.6454,95.7615,100.0000
3.1793,100.0000,95.8227,91.7530,87.9203,84.4007,81.3256,78.7404,76.7531,75.3854,74.6985,74.6985,75.3854,76.7531,78.7404,81.3256,84.4007,87.9203,91.7530,95.8227,100.0000
3.2108,100.0000,95.8765,91.8715,88.0768,84.6229,81.5706,79.0393,77.0629,75.7258,75.0420,75.0420,75.7258,77.0629,79.0393,81.5706,84.6229,88.0768,91.8715,95.8765,100.0000
3.2423,100.0000,95.9357,91.9767,88.2472,84.8237,81.8311,79.3167,77.3826,76.0524,75.3839,75.3839,76.0524,77.3826,79.3167,81.8311,84.8237,88.2472,91.9767,95.9357,100.0000
3.2737,100.0000,95.9883,92.0915,88.4002,85.0392,82.0702,79.6069,77.6846,76.3832,75.7182,75.7182,76.3832,77.6846,79.6069,82.0702,85.0392,88.4002,92.0915,95.9883,100.0000
3.3052,100.0000,96.0457,92.1943,88.5653,85.2352,82.3230,79.8774,77.9950,76.7014,76.0507,76.0507,76.7014,77.9950,79.8774,82.3230,85.2352,88.5653,92.1943,96.0457,100.0000
3.3367,100.0000,96.0971,92.3055,88.7147,85.4442,82.5563,80.1590,78.2894,77.0229,76.3760,76.3760,77.0229,78.2894,80.1590,82.5563,85.4442,88.7147,92.3055,96.0971,100.0000
3.3682,100.0000,96.1528,92.4059,88.8749,85.6355,82.8016,80.4229,78.5909,77.3327,76.6994,76.6994,77.3327,78.5909,80.4229,82.8016,85.6355,88.8749,92.4059,96.1528,100.0000
3.3996,100.0000,96.2030,92.5138,89.0207,85.8382,83.0292,80.6963,78.8778,77.6452,77.0161,77.0161,77.6452,78.8778,80.6963,83.0292,85.8382,89.0207,92.5138,96.2030,100.0000
3.4311,100.0000,96.2569,92.6118,89.1760,86.0250,83.2672,80.9535,79.1707,77.9469,77.3306,77.3306,77.9469,79.1707,80.9535,83.2672,86.0250,89.1760,92.6118,96.2569,100.0000
3.4626,100.0000,96.3059,92.7165,89.3184,86.2216,83.4892,81.2190,79.4502,78.2507,77.6388,77.6388,78.2507,79.4502,81.2190,83.4892,86.2216,89.3184,92.7165,96.3059,100.0000
3.4941,100.0000,96.3582,92.8122,89.4690,86.4038,83.7203,81.4697,79.7348,78.5445,77.9447,77.9447,78.5445,79.7348,81.4697,83.7203,86.4038,89.4690,92.8122,96.3582,100.0000
3.5256,100.0000,96.4061,92.9136,89.6080,86.5947,83.9368,81.7276,80.0071,78.8398,78.2446,78.2446,78.8398,80.0071,81.7276,83.9368,86.5947,89.6080,92.9136,96.4061,100.0000
3.5570,100.0000,96.4568,93.0070,89.7542,86.7724,84.1611,81.9719,80.2837,79.1259,78.5422,78.5422,79.1259,80.2837,81.9719,84.1611,86.7724,89.7542,93.0070,96.4568,100.0000
3.5885,100.0000,96.5035,93.1055,89.8897,86.9576,84.3722,82.2224,80.5489,79.4129,78.8340,78.8340,79.4129,80.5489,82.2224,84.3722,86.9576,89.8897,93.1055,96.5035,100.0000
3.6200,100.0000,96.5527,93.1966,90.0316,87.1309,84.5900,82.4605,80.8177,79.6915,79.1235,79.1235,79.6915,80.8177,82.4605,84.5900,87.1309,90.0316,93.1966,96.5527,100.0000
3.6515,100.0000,96.5983,93.2922,90.1638,87.3108,84.7957,82.7038,81.0760,79.9706,79.4075,79.4075,79.9706,81.0760,82.7038,84.7957,87.3108,90.1638,93.2922,96.5983,100.0000
3.6830,100.0000,96.6461,93.3810,90.3015,87.4797,85.0073,82.9359,81.3372,80.2417,79.6890,79.6890,80.2417,81.3372,82.9359,85.0073,87.4797,90.3015,93.3810,96.6461,100.0000
3.7144,100.0000,96.6905,93.4738,90.4304,87.6544,85.2078,83.1723,81.5888,80.5131,79.9654,79.9654,80.5131,81.5888,83.1723,85.2078,87.6544,90.4304,93.4738,96.6905,100.0000
3.7459,100.0000,96.7369,93.5605,90.5641,87.8191,85.4133,83.3983,81.8427,80.7771,80.2393,80.2393,80.7771,81.8427,83.3983,85.4133,87.8191,90.5641,93.5605,96.7369,100.0000
3.7774,100.0000,96.7802,93.6505,90.6898,87.9887,85.6087,83.6280,82.0877,81.0410,80.5082,80.5082,81.0410,82.0877,83.6280,85.6087,87.9887,90.6898,93.6505,96.7802,100.0000
3.8089,100.0000,96.8252,93.7350,90.8196,88.1492,85.8084,83.8482,82.3345,81.2979,80.7746,80.7746,81.2979,82.3345,83.8482,85.8084,88.1492,90.8196,93.7350,96.8252,100.0000
3.8403,100.0000,96.8675,93.8224,90.9421,88.3140,85.9987,84.0714,82.5731,81.5545,81.0363,81.0363,81.5545,82.5731,84.0714,85.9987,88.3140,90.9421,93.8224,96.8675,100.0000
3.8718,100.0000,96.9112,93.9048,91.0682,88.4704,86.1927,84.2859,82.8130,81.8047,81.2954,81.2954,81.8047,82.8130,84.2859,86.1927,88.4704,91.0682,93.9048,96.9112,100.0000
3.9033,100.0000,96.9524,93.9897,91.1876,88.6305,86.3782,84.5028,83.0453,82.0542,81.5500,81.5500,82.0542,83.0453,84.5028,86.3782,88.6305,91.1876,93.9897,96.9524,100.0000
3.9348,100.0000,96.9949,94.0700,91.3101,88.7829,86.5666,84.7117,83.2785,82.2977,81.8021,81.8021,82.2977,83.2785,84.7117,86.5666,88.7829,91.3101,94.0700,96.9949,100.0000
3.9663,100.0000,97.0350,94.1525,91.4264,88.9384,86.7473,84.9226,83.5047,82.5403,82.0499,82.0499,82.5403,83.5047,84.9226,86.7473,88.9384,91.4264,94.1525,97.0350,100.0000
3.9977,100.0000,97.0762,94.2307,91.5454,89.0869,86.9305,85.1260,83.7314,82.7773,82.2951,82.2951,82.7773,83.7314,85.1260,86.9305,89.0869,91.5454,94.2307,97.0762,100.0000
4.0292,100.0000,97.1154,94.3108,91.6588,89.2379,87.1064,85.3310,83.9516,83.0133,82.5362,82.5362,83.0133,83.9516,85.3310,87.1064,89.2379,91.6588,94.3108,97.1154,100.0000
4.0607,100.0000,97.1554,94.3871,91.7744,89.3826,87.2845,85.5290,84.1721,83.2439,82.7747,82.7747,83.2439,84.1721,85.5290,87.2845,89.3826,91.7744,94.3871,97.1554,100.0000
4.0922,100.0000,97.1935,94.4649,91.8848,89.5294,87.4558,85.7283,84.3865,83.4734,83.0093,83.0093,83.4734,84.3865,85.7283,87.4558,89.5294,91.8848,94.4649,97.1935,100.0000
4.1236,100.0000,97.2324,94.5392,91.9972,89.6703,87.6289,85.9212,84.6009,83.6979,83.2414,83.2414,83.6979,84.6009,85.9212,87.6289,89.6703,91.9972,94.5392,97.2324,100.0000
4.1551,100.0000,97.2696,94.6148,92.1048,89.8130,87.7957,86.1149,84.8095,83.9211,83.4696,83.4696,83.9211,84.8095,86.1149,87.7957,89.8130,92.1048,94.6148,97.2696,100.0000
4.1866,100.0000,97.3074,94.6872,92.2139,89.9503,87.9639,86.3026,85.0180,84.1396,83.6954,83.6954,84.1396,85.0180,86.3026,87.9639,89.9503,92.2139,94.6872,97.3074,100.0000
4.2181,100.0000,97.3436,94.7607,92.3187,90.0889,88.1264,86.4910,85.2211,84.3567,83.9175,83.9175,84.3567,85.2211,86.4910,88.1264,90.0889,92.3187,94.7607,97.3436,100.0000
4.2496,100.0000,97.3803,94.8312,92.4248,90.2226,88.2899,86.6738,85.4238,84.5693,84.1371,84.1371,84.5693,85.4238,86.6738,88.2899,90.2226,92.4248,94.8312,97.3803,100.0000
4.2810,100.0000,97.4156,94.9026,92.5269,90.3574,88.4482,86.8569,85.6215,84.7804,84.3532,84.3532,84.7804,85.6215,86.8569,88.4482,90.3574,92.5269,94.9026,97.4156,100.0000
4.3125,100.0000,97.4513,94.9712,92.6300,90.4875,88.6071,87.0349,85.8187,84.9874,84.5668,84.5668,84.9874,85.8187,87.0349,88.6071,90.4875,92.6300,94.9712,97.4513,100.0000
4.3440,100.0000,97.4856,95.0406,92.7294,90.6185,88.7612,87.2129,86.0111,85.1927,84.7771,84.7771,85.1927,86.0111,87.2129,88.7612,90.6185,92.7294,95.0406,97.4856,100.0000
4.3755,100.0000,97.5203,95.1075,92.8296,90.7453,88.9157,87.3861,86.2028,85.3941,84.9849,84.9849,85.3941,86.2028,87.3861,88.9157,90.7453,92.8296,95.1075,97.5203,100.0000
4.4070,100.0000,97.5537,95.1749,92.9264,90.8726,89.0657,87.5593,86.3901,85.5939,85.1895,85.1895,85.5939,86.3901,87.5593,89.0657,90.8726,92.9264,95.1749,97.5537,100.0000
4.4384,100.0000,97.5875,95.2401,93.0238,90.9961,89.2160,87.7279,86.5766,85.7898,85.3917,85.3917,85.7898,86.5766,87.7279,89.2160,90.9961,93.0238,95.2401,97.5875,100.0000
4.4699,100.0000,97.6200,95.3056,93.1181,91.1199,89.3620,87.8963,86.7589,85.9841,85.5907,85.5907,85.9841,86.7589,87.8963,89.3620,91.1199,93.1181,95.3056,97.6200,100.0000
4.5014,100.0000,97.6528,95.3690,93.2128,91.2400,89.5081,88.0604,86.9402,86.1748,85.7874,85.7874,86.1748,86.9402,88.0604,89.5081,91.2400,93.2128,95.3690,97.6528,100.0000
4.5329,100.0000,97.6845,95.4328,93.3045,91.3604,89.6502,88.2241,87.1176,86.3638,85.9811,85.9811,86.3638,87.1176,88.2241,89.6502,91.3604,93.3045,95.4328,97.6845,100.0000
4.5643,100.0000,97.7164,95.4945,93.3966,91.4774,89.7923,88.3839,87.2940,86.5494,86.1725,86.1725,86.5494,87.2940,88.3839,89.7923,91.4774,93.3966,95.4945,97.7164,100.0000
4.5958,100.0000,97.7473,95.5565,93.4860,91.5944,89.9306,88.5431,87.4666,86.7332,86.3609,86.3609,86.7332,87.4666,88.5431,89.9306,91.5944,93.4860,95.5565,97.7473,100.0000
4.6273,100.0000,97.7782,95.6166,93.5755,91.7083,90.0688,88.6986,87.6382,86.9138,86.5471,86.5471,86.9138,87.6382,88.6986,90.0688,91.7083,93.5755,95.6166,97.7782,100.0000
4.6588,100.0000,97.8083,95.6769,93.6625,91.8221,90.2035,88.8535,87.8062,87.0926,86.7304,86.7304,87.0926,87.8062,88.8535,90.2035,91.8221,93.6625,95.6769,97.8083,100.0000
4.6903,100.0000,97.8384,95.7354,93.7495,91.9330,90.3378,89.0048,87.9730,87.2683,86.9115,86.9115,87.2683,87.9730,89.0048,90.3378,91.9330,93.7495,95.7354,97.8384,100.0000
4.7217,100.0000,97.8677,95.7940,93.8342,92.0436,90.4689,89.1554,88.1366,87.4423,87.0899,87.0899,87.4423,88.1366,89.1554,90.4689,92.0436,93.8342,95.7940,97.8677,100.0000
4.7532,100.0000,97.8970,95.8509,93.9188,92.1515,90.5995,89.3027,88.2989,87.6133,87.2661,87.2661,87.6133,88.2989,89.3027,90.5995,92.1515,93.9188,95.8509,97.8970,100.0000
4.7847,100.0000,97.9255,95.9079,94.0012,92.2592,90.7271,89.4492,88.4580,87.7825,87.4397,87.4397,87.7825,88.4580,89.4492,90.7271,92.2592,94.0012,95.9079,97.9255,100.0000
4.8162,100.0000,97.9539,95.9634,94.0835,92.3642,90.8542,89.5926,88.6158,87.9488,87.6111,87.6111,87.9488,88.6158,89.5926,90.8542,92.3642,94.0835,95.9634,97.9539,100.0000
4.8476,100.0000,97.9817,96.0187,94.1638,92.4689,90.9784,89.7350,88.7707,88.1135,87.7800,87.7800,88.1135,88.7707,89.7350,90.9784,92.4689,94.1638,96.0187,97.9817,100.0000
4.8791,100.0000,98.0094,96.0727,94.2438,92.5711,91.1019,89.8745,88.9242,88.2753,87.9467,87.9467,88.2753,88.9242,89.8745,91.1019,92.5711,94.2438,96.0727,98.0094,100.0000
4.9106,100.0000,98.0364,96.1266,94.3219,92.6729,91.2228,90.0131,89.0749,88.4355,88.1110,88.1110,88.4355,89.0749,90.0131,91.2228,92.6729,94.3219,96.1266,98.0364,100.0000
4.9421,100.0000,98.0633,96.1791,94.3997,92.7724,91.3430,90.1489,89.2243,88.5930,88.2732,88.2732,88.5930,89.2243,90.1489,91.3430,92.7724,94.3997,96.1791,98.0633,100.0000
4.9736,100.0000,98.0896,96.2315,94.4757,92.8713,91.4606,90.2836,89.3709,88.7488,88.4331,88.4331,88.7488,89.3709,90.2836,91.4606,92.8713,94.4757,96.2315,98.0896,100.0000
5.0050,100.0000,98.1158,96.2827,94.5514,92.9682,91.5775,90.4158,89.5162,88.9020,88.5909,88.5909,88.9020,89.5162,90.4158,91.5775,92.9682,94.5514,96.2827,98.1158,100.0000
5.0365,100.0000,98.1413,96.3336,94.6254,93.0645,91.6920,90.5468,89.6589,89.0536,88.7465,88.7465,89.0536,89.6589,90.5468,91.6920,93.0645,94.6254,96.3336,98.1413,100.0000
5.0680,100.0000,98.1668,96.3834,94.6990,93.1587,91.8056,90.6754,89.8002,89.2027,88.9000,88.9000,89.2027,89.8002,90.6754,91.8056,93.1587,94.6990,96.3834,98.1668,100.0000
5.0995,100.0000,98.1917,96.4329,94.7710,93.2523,91.9171,90.8029,89.9391,89.3501,89.0514,89.0514,89.3501,89.9391,90.8029,91.9171,93.2523,94.7710,96.4329,98.1917,100.0000
5.1309,100.0000,98.2165,96.4814,94.8426,93.3440,92.0276,90.9281,90.0765,89.4952,89.2007,89.2007,89.4952,90.0765,90.9281,92.0276,93.3440,94.8426,96.4814,98.2165,100.0000
5.1624,100.0000,98.2407,96.5295,94.9127,93.4351,92.1361,91.0521,90.2116,89.6386,89.3480,89.3480,89.6386,90.2116,91.0521,92.1361,93.4351,94.9127,96.5295,98.2407,100.0000
5.1939,100.0000,98.2648,96.5767,94.9823,93.5244,92.2436,91.1738,90.3453,89.7798,89.4933,89.4933,89.7798,90.3453,91.1738,92.2436,93.5244,94.9823,96.5767,98.2648,100.0000
5.2254,100.0000,98.2883,96.6236,95.0505,93.6130,92.3491,91.2945,90.4768,89.9193,89.6365,89.6365,89.9193,90.4768,91.2945,92.3491,93.6130,95.0505,96.6236,98.2883,100.0000
5.2569,100.0000,98.3118,96.6694,95.1183,93.6998,92.4537,91.4130,90.6069,90.0567,89.7779,89.7779,90.0567,90.6069,91.4130,92.4537,93.6998,95.1183,96.6694,98.3118,100.0000
5.2883,100.0000,98.3347,96.7150,95.1846,93.7860,92.5564,91.5303,90.7348,90.1924,89.9173,89.9173,90.1924,90.7348,91.5303,92.5564,93.7860,95.1846,96.7150,98.3347,100.0000
5.3198,100.0000,98.3575,96.7597,95.2505,93.8705,92.6581,91.6456,90.8614,90.3261,90.0549,90.0549,90.3261,90.8614,91.6456,92.6581,93.8705,95.2505,96.7597,98.3575,100.0000
5.3513,100.0000,98.3798,96.8040,95.3151,93.9543,92.7581,91.7598,90.9858,90.4581,90.1905,90.1905,90.4581,90.9858,91.7598,92.7581,93.9543,95.3151,96.8040,98.3798,100.0000
5.3828,100.0000,98.4020,96.8475,95.3792,94.0366,92.8570,91.8720,91.1089,90.5882,90.3243,90.3243,90.5882,91.1089,91.8720,92.8570,94.0366,95.3792,96.8475,98.4020,100.0000
5.4143,100.0000,98.4237,96.8906,95.4420,94.1181,92.9543,91.9830,91.2301,90.7166,90.4562,90.4562,90.7166,91.2301,91.9830,92.9543,94.1181,95.4420,96.8906,98.4237,100.0000
5.4457,100.0000,98.4453,96.9329,95.5043,94.1981,93.0505,92.0922,91.3498,90.8431,90.5864,90.5864,90.8431,91.3498,92.0922,93.0505,94.1981,95.5043,96.9329,98.4453,100.0000
5.4772,100.0000,98.4664,96.9748,95.5655,94.2774,93.1452,92.2002,91.4676,90.9681,90.7148,90.7148,90.9681,91.4676,92.2002,93.1452,94.2774,95.5655,96.9748,98.4664,100.0000
5.5087,100.0000,98.4874,97.0160,95.6261,94.3553,93.2388,92.3064,91.5841,91.0912,90.8414,90.8414,91.0912,91.5841,92.3064,93.2388,94.3553,95.6261,97.0160,98.4874,100.0000
5.5402,100.0000,98.5080,97.0568,95.6857,94.4325,93.3309,92.4115,91.6988,91.2128,90.9663,90.9663,91.2128,91.6988,92.4115,93.3309,94.4325,95.6857,97.0568,98.5080,100.0000
5.5716,100.0000,98.5284,97.0968,95.7446,94.5083,93.4220,92.5148,91.8121,91.3326,91.0896,91.0896,91.3326,91.8121,92.5148,93.4220,94.5083,95.7446,97.0968,98.5284,100.0000
5.6031,100.0000,98.5484,97.1365,95.8025,94.5833,93.5115,92.6171,91.9237,91.4508,91.2111,91.2111,91.4508,91.9237,92.6171,93.5115,94.5833,95.8025,97.1365,98.5484,100.0000
5.6346,100.0000,98.5683,97.1755,95.8599,94.6570,93.6002,92.7176,92.0339,91.5674,91.3310,91.3310,91.5674,92.0339,92.7176,93.6002,94.6570,95.8599,97.1755,98.5683,100.0000
5.6661,100.0000,98.5877,97.2141,95.9163,94.7300,93.6873,92.8171,92.1425,91.6825,91.4492,91.4492,91.6825,92.1425,92.8171,93.6873,94.7300,95.9163,97.2141,98.5877,100.0000
5.6976,100.0000,98.6070,97.2520,95.9721,94.8018,93.7735,92.9149,92.2498,91.7958,91.5658,91.5658,91.7958,92.2498,92.9149,93.7735,94.8018,95.9721,97.2520,98.6070,100.0000
5.7290,100.0000,98.6260,97.2895,96.0269,94.8728,93.8584,93.0117,92.3554,91.9078,91.6808,91.6808,91.9078,92.3554,93.0117,93.8584,94.8728,96.0269,97.2895,98.6260,100.0000
5.7605,100.0000,98.6448,97.3264,96.0812,94.9426,93.9422,93.1069,92.4597,92.0181,91.7943,91.7943,92.0181,92.4597,93.1069,93.9422,94.9426,96.0812,97.3264,98.6448,100.0000
5.7920,100.0000,98.6632,97.3630,96.1345,95.0117,94.0247,93.2010,92.5625,92.1270,91.9062,91.9062,92.1270,92.5625,93.2010,94.0247,95.0117,96.1345,97.3630,98.6632,100.0000
5.8235,100.0000,98.6815,97.3989,96.1873,95.0796,94.1063,93.2936,92.6640,92.2343,92.0166,92.0166,92.2343,92.6640,93.2936,94.1063,95.0796,96.1873,97.3989,98.6815,100.0000
5.8549,100.0000,98.6994,97.4344,96.2393,95.1468,94.1866,93.3852,92.7640,92.3403,92.1255,92.1255,92.3403,92.7640,93.3852,94.1866,95.1468,96.2393,97.4344,98.6994,100.0000
5.8864,100.0000,98.7172,97.4694,96.2906,95.2129,94.2660,93.4753,92.8627,92.4447,92.2329,92.2329,92.4447,92.8627,93.4753,94.2660,95.2129,96.2906,97.4694,98.7172,100.0000
5.9179,100.0000,98.7347,97.5039,96.3411,95.2783,94.3441,93.5644,92.9600,92.5478,92.3388,92.3388,92.5478,92.9600,93.5644,94.3441,95.2783,96.3411,97.5039,98.7347,100.0000
5.9494,100.0000,98.7520,97.5379,96.3911,95.3426,94.4213,93.6521,93.0561,92.6494,92.4433,92.4433,92.6494,93.0561,93.6521,94.4213,95.3426,96.3911,97.5379,98.7520,100.0000
5.9809,100.0000,98.7690,97.5715,96.4403,95.4062,94.4974,93.7387,93.1507,92.7497,92.5464,92.5464,92.7497,93.1507,93.7387,94.4974,95.4062,96.4403,97.5715,98.7690,100.0000
6.0123,100.0000,98.7858,97.6046,96.4889,95.4688,94.5725,93.8240,93.2442,92.8485,92.6480,92.6480,92.8485,93.2442,93.8240,94.5725,95.4688,96.4889,97.6046,98.7858,100.0000
6.0438,100.0000,98.8023,97.6373,96.5367,95.5307,94.6464,93.9083,93.3363,92.9461,92.7483,92.7483,92.9461,93.3363,93.9083,94.6464,95.5307,96.5367,97.6373,98.8023,100.0000
6.0753,100.0000,98.8187,97.6695,96.5840,95.5916,94.7195,93.9914,93.4272,93.0423,92.8472,92.8472,93.0423,93.4272,93.9914,94.7195,95.5916,96.5840,97.6695,98.8187,100.0000
6.1068,100.0000,98.8348,97.7013,96.6305,95.6518,94.7915,94.0734,93.5168,93.1372,92.9447,92.9447,93.1372,93.5168,94.0734,94.7915,95.6518,96.6305,97.7013,98.8348,100.0000
6.1383,100.0000,98.8507,97.7326,96.6765,95.7110,94.8626,94.1541,93.6053,93.2308,93.0410,93.0410,93.2308,93.6053,94.1541,94.8626,95.7110,96.6765,97.7326,98.8507,100.0000
6.1697,100.0000,98.8663,97.7636,96.7218,95.7696,94.9326,94.2339,93.6925,93.3231,93.1359,93.1359,93.3231,93.6925,94.2339,94.9326,95.7696,96.7218,97.7636,98.8663,100.0000
6.2012,100.0000,98.8818,97.7941,96.7666,95.8272,95.0017,94.3125,93.7785,93.4142,93.2295,93.2295,93.4142,93.7785,94.3125,95.0017,95.8272,96.7666,97.7941,98.8818,100.0000
6.2327,100.0000,98.8970,97.8242,96.8106,95.8842,95.0699,94.3901,93.8633,93.5040,93.3218,93.3218,93.5040,93.8633,94.3901,95.0699,95.8842,96.8106,97.8242,98.8970,100.0000
6.2642,100.0000,98.9121,97.8538,96.8542,95.9403,95.1371,94.4666,93.9471,93.5926,93.4129,93.4129,93.5926,93.9471,94.4666,95.1371,95.9403,96.8542,97.8538,98.9121,100.0000
6.2956,100.0000,98.9269,97.8831,96.8970,95.9957,95.2034,94.5421,94.0296,93.6800,93.5028,93.5028,93.6800,94.0296,94.5421,95.2034,95.9957,96.8970,97.8831,98.9269,100.0000
6.3271,100.0000,98.9416,97.9120,96.9394,96.0502,95.2689,94.6165,94.1111,93.7662,93.5914,93.5914,93.7662,94.1111,94.6165,95.2689,96.0502,96.9394,97.9120,98.9416,100.0000
6.3586,100.0000,98.9560,97.9405,96.9811,96.1041,95.3334,94.6900,94.1913,93.8512,93.6788,93.6788,93.8512,94.1913,94.6900,95.3334,96.1041,96.9811,97.9405,98.9560,100.0000
6.3901,100.0000,98.9702,97.9685,97.0223,96.1572,95.3971,94.7624,94.2706,93.9351,93.7650,93.7650,93.9351,94.2706,94.7624,95.3971,96.1572,97.0223,97.9685,98.9702,100.0000
6.4216,100.0000,98.9843,97.9963,97.0629,96.2097,95.4598,94.8338,94.3487,94.0178,93.8500,93.8500,94.0178,94.3487,94.8338,95.4598,96.2097,97.0629,97.9963,98.9843,100.0000
6.4530,100.0000,98.9981,98.0236,97.1030,96.2613,95.5218,94.9043,94.4258,94.0994,93.9339,93.9339,94.0994,94.4258,94.9043,95.5218,96.2613,97.1030,98.0236,98.9981,100.0000
6.4845,100.0000,99.0118,98.0506,97.1425,96.3124,95.5828,94.9738,94.5018,94.1799,94.0166,94.0166,94.1799,94.5018,94.9738,95.5828,96.3124,97.1425,98.0506,99.0118,100.0000
6.5160,100.0000,99.0253,98.0771,97.1815,96.3626,95.6431,95.0423,94.5768,94.2592,94.0983,94.0983,94.2592,94.5768,95.0423,95.6431,96.3626,97.1815,98.0771,99.0253,100.0000
6.5475,100.0000,99.0386,98.1034,97.2199,96.4123,95.7025,95.1100,94.6508,94.3375,94.1787,94.1787,94.3375,94.6508,95.1100,95.7025,96.4123,97.2199,98.1034,99.0386,100.0000
6.5789,100.0000,99.0517,98.1292,97.2578,96.4612,95.7611,95.1766,94.7237,94.4148,94.2581,94.2581,94.4148,94.7237,95.1766,95.7611,96.4612,97.2578,98.1292,99.0517,100.0000
6.6104,100.0000,99.0646,98.1548,97.2952,96.5095,95.8189,95.2424,94.7957,94.4909,94.3364,94.3364,94.4909,94.7957,95.2424,95.8189,96.5095,97.2952,98.1548,99.0646,100.0000
6.6419,100.0000,99.0774,98.1799,97.3321,96.5571,95.8759,95.3073,94.8667,94.5661,94.4137,94.4137,94.5661,94.8667,95.3073,95.8759,96.5571,97.3321,98.1799,99.0774,100.0000
6.6734,100.0000,99.0900,98.2047,97.3685,96.6040,95.9322,95.3713,94.9367,94.6402,94.4899,94.4899,94.6402,94.9367,95.3713,95.9322,96.6040,97.3685,98.2047,99.0900,100.0000
6.7049,100.0000,99.1024,98.2292,97.4044,96.6503,95.9877,95.4344,95.0058,94.7133,94.5650,94.5650,94.7133,95.0058,95.4344,95.9877,96.6503,97.4044,98.2292,99.1024,100.0000
6.7363,100.0000,99.1146,98.2534,97.4398,96.6960,96.0424,95.4967,95.0739,94.7854,94.6392,94.6392,94.7854,95.0739,95.4967,96.0424,96.6960,97.4398,98.2534,99.1146,100.0000
6.7678,100.0000,99.1267,98.2772,97.4747,96.7411,96.0964,95.5581,95.1411,94.8565,94.7123,94.7123,94.8565,95.1411,95.5581,96.0964,96.7411,97.4747,98.2772,99.1267,100.0000
6.7993,100.0000,99.1386,98.3007,97.5091,96.7855,96.1496,95.6187,95.2073,94.9267,94.7844,94.7844,94.9267,95.2073,95.6187,96.1496,96.7855,97.5091,98.3007,99.1386,100.0000
6.8308,100.0000,99.1503,98.3239,97.5431,96.8294,96.2021,95.6785,95.2727,94.9959,94.8555,94.8555,94.9959,95.2727,95.6785,96.2021,96.8294,97.5431,98.3239,99.1503,100.0000
6.8623,100.0000,99.1619,98.3467,97.5766,96.8726,96.2539,95.7374,95.3372,95.0641,94.9257,94.9257,95.0641,95.3372,95.7374,96.2539,96.8726,97.5766,98.3467,99.1619,100.0000
6.8937,100.0000,99.1734,98.3693,97.6097,96.9153,96.3050,95.7955,95.4008,95.1314,94.9949,94.9949,95.1314,95.4008,95.7955,96.3050,96.9153,97.6097,98.3693,99.1734,100.0000
6.9252,100.0000,99.1846,98.3915,97.6423,96.9573,96.3554,95.8529,95.4635,95.1978,95.0632,95.0632,95.1978,95.4635,95.8529,96.3554,96.9573,97.6423,98.3915,99.1846,100.0000
6.9567,100.0000,99.1958,98.4135,97.6744,96.9988,96.4051,95.9094,95.5254,95.2633,95.1305,95.1305,95.2633,95.5254,95.9094,96.4051,96.9988,97.6744,98.4135,99.1958,100.0000
6.9882,100.0000,99.2067,98.4351,97.7061,97.0398,96.4541,95.9652,95.5864,95.3279,95.1969,95.1969,95.3279,95.5864,95.9652,96.4541,97.0398,97.7061,98.4351,99.2067,100.0000
7.0196,100.0000,99.2175,98.4564,97.7374,97.0801,96.5025,96.0203,95.6466,95.3916,95.2624,95.2624,95.3916,95.6466,96.0203,96.5025,97.0801,97.7374,98.4564,99.2175,100.0000
7.0511,100.0000,99.2282,98.4775,97.7683,97.1200,96.5502,96.0745,95.7059,95.4545,95.3270,95.3270,95.4545,95.7059,96.0745,96.5502,97.1200,97.7683,98.4775,99.2282,100.0000
7.0826,100.0000,99.2387,98.4983,97.7987,97.1592,96.5973,96.1281,95.7645,95.5165,95.3908,95.3908,95.5165,95.7645,96.1281,96.5973,97.1592,97.7987,98.4983,99.2387,100.0000
7.1141,100.0000,99.2491,98.5187,97.8287,97.1980,96.6437,96.1809,95.8223,95.5776,95.4536,95.4536,95.5776,95.8223,96.1809,96.6437,97.1980,97.8287,98.5187,99.2491,100.0000
7.1456,100.0000,99.2594,98.5389,97.8584,97.2362,96.6894,96.2330,95.8793,95.6380,95.5156,95.5156,95.6380,95.8793,96.2330,96.6894,97.2362,97.8584,98.5389,99.2594,100.0000
7.1770,100.0000,99.2695,98.5589,97.8876,97.2739,96.7346,96.2844,95.9355,95.6975,95.5768,95.5768,95.6975,95.9355,96.2844,96.7346,97.2739,97.8876,98.5589,99.2695,100.0000
7.2085,100.0000,99.2794,98.5785,97.9164,97.3111,96.7791,96.3350,95.9909,95.7561,95.6371,95.6371,95.7561,95.9909,96.3350,96.7791,97.3111,97.9164,98.5785,99.2794,100.0000
7.2400,100.0000,99.2893,98.5979,97.9448,97.3478,96.8230,96.3850,96.0456,95.8140,95.6966,95.6966,95.8140,96.0456,96.3850,96.8230,97.3478,97.9448,98.5979,99.2893,100.0000
7.2715,100.0000,99.2990,98.6170,97.9728,97.3839,96.8664,96.4343,96.0995,95.8711,95.7553,95.7553,95.8711,96.0995,96.4343,96.8664,97.3839,97.9728,98.6170,99.2990,100.0000
7.3029,100.0000,99.3085,98.6359,98.0005,97.4196,96.9091,96.4830,96.1527,95.9274,95.8132,95.8132,95.9274,96.1527,96.4830,96.9091,97.4196,98.0005,98.6359,99.3085,100.0000
7.3344,100.0000,99.3179,98.6545,98.0278,97.4548,96.9513,96.5309,96.2052,95.9830,95.8703,95.8703,95.9830,96.2052,96.5309,96.9513,97.4548,98.0278,98.6545,99.3179,100.0000
7.3659,100.0000,99.3272,98.6728,98.0546,97.4895,96.9929,96.5782,96.2569,96.0377,95.9266,95.9266,96.0377,96.2569,96.5782,96.9929,97.4895,98.0546,98.6728,99.3272,100.0000
7.3974,100.0000,99.3364,98.6909,98.0812,97.5238,97.0339,96.6249,96.3080,96.0918,95.9822,95.9822,96.0918,96.3080,96.6249,97.0339,97.5238,98.0812,98.6909,99.3364,100.0000
7.4289,100.0000,99.3455,98.7088,98.1073,97.5575,97.0743,96.6709,96.3583,96.1451,96.0370,96.0370,96.1451,96.3583,96.6709,97.0743,97.5575,98.1073,98.7088,99.3455,100.0000
7.4603,100.0000,99.3544,98.7264,98.1332,97.5908,97.1142,96.7163,96.4080,96.1977,96.0910,96.0910,96.1977,96.4080,96.7163,97.1142,97.5908,98.1332,98.7264,99.3544,100.0000
7.4918,100.0000,99.3632,98.7438,98.1586,97.6237,97.1536,96.7611,96.4570,96.2495,96.1444,96.1444,96.2495,96.4570,96.7611,97.1536,97.6237,98.1586,98.7438,99.3632,100.0000
7.5233,100.0000,99.3719,98.7609,98.1837,97.6561,97.1924,96.8053,96.5053,96.3007,96.1969,96.1969,96.3007,96.5053,96.8053,97.1924,97.6561,98.1837,98.7609,99.3719,100.0000
7.5548,100.0000,99.3805,98.7778,98.2085,97.6881,97.2307,96.8489,96.5530,96.3511,96.2488,96.2488,96.3511,96.5530,96.8489,97.2307,97.6881,98.2085,98.7778,99.3805,100.0000
7.5863,100.0000,99.3889,98.7945,98.2329,97.7196,97.2685,96.8918,96.6000,96.4009,96.3000,96.3000,96.4009,96.6000,96.8918,97.2685,97.7196,98.2329,98.7945,99.3889,100.0000
7.6177,100.0000,99.3972,98.8109,98.2570,97.7507,97.3057,96.9342,96.6464,96.4500,96.3504,96.3504,96.4500,96.6464,96.9342,97.3057,97.7507,98.2570,98.8109,99.3972,100.0000
7.6492,100.0000,99.4055,98.8271,98.2808,97.7814,97.3425,96.9760,96.6921,96.4984,96.4002,96.4002,96.4984,96.6921,96.9760,97.3425,97.7814,98.2808,98.8271,99.4055,100.0000
7.6807,100.0000,99.4136,98.8431,98.3043,97.8116,97.3787,97.0173,96.7372,96.5462,96.4493,96.4493,96.5462,96.7372,97.0173,97.3787,97.8116,98.3043,98.8431,99.4136,100.0000
7.7122,100.0000,99.4216,98.8589,98.3274,97.8415,97.4145,97.0580,96.7817,96.5933,96.4977,96.4977,96.5933,96.7817,97.0580,97.4145,97.8415,98.3274,98.8589,99.4216,100.0000
7.7436,100.0000,99.4295,98.8745,98.3502,97.8709,97.4497,97.0981,96.8256,96.6397,96.5455,96.5455,96.6397,96.8256,97.0981,97.4497,97.8709,98.3502,98.8745,99.4295,100.0000
7.7751,100.0000,99.4372,98.8898,98.3727,97.9000,97.4845,97.1377,96.8689,96.6856,96.5926,96.5926,96.6856,96.8689,97.1377,97.4845,97.9000,98.3727,98.8898,99.4372,100.0000
7.8066,100.0000,99.4449,98.9050,98.3949,97.9286,97.5188,97.1767,96.9116,96.7308,96.6391,96.6391,96.7308,96.9116,97.1767,97.5188,97.9286,98.3949,98.9050,99.4449,100.0000
7.8381,100.0000,99.4525,98.9199,98.4168,97.9569,97.5527,97.2152,96.9537,96.7753,96.6849,96.6849,96.7753,96.9537,97.2152,97.5527,97.9569,98.4168,98.9199,99.4525,100.0000
7.8696,100.0000,99.4600,98.9346,98.4384,97.9847,97.5860,97.2532,96.9953,96.8193,96.7301,96.7301,96.8193,96.9953,97.2532,97.5860,97.9847,98.4384,98.9346,99.4600,100.0000
7.9010,100.0000,99.4673,98.9492,98.4597,98.0122,97.6190,97.2907,97.0363,96.8627,96.7747,96.7747,96.8627,97.0363,97.2907,97.6190,98.0122,98.4597,98.9492,99.4673,100.0000
7.9325,100.0000,99.4746,98.9635,98.4807,98.0393,97.6514,97.3276,97.0767,96.9055,96.8187,96.8187,96.9055,97.0767,97.3276,97.6514,98.0393,98.4807,98.9635,99.4746,100.0000
7.9640,100.0000,99.4818,98.9776,98.5014,98.0661,97.6835,97.3641,97.1166,96.9477,96.8621,96.8621,96.9477,97.1166,97.3641,97.6835,98.0661,98.5014,98.9776,99.4818,100.0000
7.9955,100.0000,99.4888,98.9916,98.5218,98.0924,97.7151,97.4000,97.1559,96.9893,96.9049,96.9049,96.9893,97.1559,97.4000,97.7151,98.0924,98.5218,98.9916,99.4888,100.0000
8.0269,100.0000,99.4958,99.0053,98.5420,98.1185,97.7462,97.4355,97.1947,97.0304,96.9471,96.9471,97.0304,97.1947,97.4355,97.7462,98.1185,98.5420,99.0053,99.4958,100.0000
8.0584,100.0000,99.5027,99.0189,98.5619,98.1441,97.7770,97.4704,97.2329,97.0709,96.9888,96.9888,97.0709,97.2329,97.4704,97.7770,98.1441,98.5619,99.0189,99.5027,100.0000
8.0899,100.0000,99.5095,99.0323,98.5815,98.1694,97.8073,97.5049,97.2707,97.1108,97.0298,97.0298,97.1108,97.2707,97.5049,97.8073,98.1694,98.5815,99.0323,99.5095,100.0000
8.1214,100.0000,99.5161,99.0455,98.6009,98.1944,97.8372,97.5390,97.3079,97.1502,97.0703,97.0703,97.1502,97.3079,97.5390,97.8372,98.1944,98.6009,99.0455,99.5161,100.0000
8.1529,100.0000,99.5227,99.0585,98.6199,98.2190,97.8667,97.5725,97.3446,97.1891,97.1103,97.1103,97.1891,97.3446,97.5725,97.8667,98.2190,98.6199,99.0585,99.5227,100.0000
8.1843,100.0000,99.5292,99.0713,98.6388,98.2433,97.8958,97.6057,97.3808,97.2275,97.1497,97.1497,97.2275,97.3808,97.6057,97.8958,98.2433,98.6388,99.0713,99.5292,100.0000
8.2158,100.0000,99.5357,99.0840,98.6573,98.2673,97.9245,97.6383,97.4166,97.2653,97.1886,97.1886,97.2653,97.4166,97.6383,97.9245,98.2673,98.6573,99.0840,99.5357,100.0000
8.2473,100.0000,99.5420,99.0965,98.6756,98.2909,97.9528,97.6705,97.4518,97.3026,97.2269,97.2269,97.3026,97.4518,97.6705,97.9528,98.2909,98.6756,99.0965,99.5420,100.0000
8.2788,100.0000,99.5482,99.1088,98.6937,98.3142,97.9807,97.7023,97.4865,97.3394,97.2647,97.2647,97.3394,97.4865,97.7023,97.9807,98.3142,98.6937,99.1088,99.5482,100.0000
8.3102,100.0000,99.5544,99.1210,98.7115,98.3372,98.0082,97.7336,97.5208,97.3756,97.3020,97.3020,97.3756,97.5208,97.7336,98.0082,98.3372,98.7115,99.1210,99.5544,100.0000
8.3417,100.0000,99.5605,99.1330,98.7291,98.3599,98.0354,97.7645,97.5546,97.4114,97.3388,97.3388,97.4114,97.5546,97.7645,98.0354,98.3599,98.7291,99.1330,99.5605,100.0000
8.3732,100.0000,99.5665,99.1448,98.7464,98.3823,98.0622,97.7950,97.5880,97.4467,97.3751,97.3751,97.4467,97.5880,97.7950,98.0622,98.3823,98.7464,99.1448,99.5665,100.0000
8.4047,100.0000,99.5724,99.1565,98.7635,98.4043,98.0886,97.8251,97.6209,97.4816,97.4109,97.4109,97.4816,97.6209,97.8251,98.0886,98.4043,98.7635,99.1565,99.5724,100.0000
8.4362,100.0000,99.5782,99.1680,98.7804,98.4261,98.1147,97.8548,97.6533,97.5159,97.4463,97.4463,97.5159,97.6533,97.8548,98.1147,98.4261,98.7804,99.1680,99.5782,100.0000
8.4676,100.0000,99.5840,99.1793,98.7970,98.4475,98.1404,97.8840,97.6853,97.5498,97.4811,97.4811,97.5498,97.6853,97.8840,98.1404,98.4475,98.7970,99.1793,99.5840,100.0000
8.4991,100.0000,99.5897,99.1905,98.8134,98.4687,98.1658,97.9129,97.7169,97.5832,97.5154,97.5154,97.5832,97.7169,97.9129,98.1658,98.4687,98.8134,99.1905,99.5897,100.0000
8.5306,100.0000,99.5952,99.2015,98.8296,98.4896,98.1908,97.9413,97.7480,97.6162,97.5493,97.5493,97.6162,97.7480,97.9413,98.1908,98.4896,98.8296,99.2015,99.5952,100.0000
8.5621,100.0000,99.6008,99.2124,98.8456,98.5102,98.2155,97.9694,97.7788,97.6487,97.5827,97.5827,97.6487,97.7788,97.9694,98.2155,98.5102,98.8456,99.2124,99.6008,100.0000
8.5936,100.0000,99.6062,99.2232,98.8613,98.5305,98.2398,97.9971,97.8091,97.6808,97.6157,97.6157,97.6808,97.8091,97.9971,98.2398,98.5305,98.8613,99.2232,99.6062,100.0000
8.6250,100.0000,99.6116,99.2338,98.8768,98.5506,98.2638,98.0244,97.8389,97.7124,97.6482,97.6482,97.7124,97.8389,98.0244,98.2638,98.5506,98.8768,99.2338,99.6116,100.0000
8.6565,100.0000,99.6169,99.2442,98.8922,98.5703,98.2875,98.0514,97.8684,97.7436,97.6803,97.6803,97.7436,97.8684,98.0514,98.2875,98.5703,98.8922,99.2442,99.6169,100.0000
8.6880,100.0000,99.6221,99.2545,98.9073,98.5898,98.3109,98.0780,97.8975,97.7744,97.7119,97.7119,97.7744,97.8975,98.0780,98.3109,98.5898,98.9073,99.2545,99.6221,100.0000
8.7195,100.0000,99.6273,99.2647,98.9222,98.6091,98.3339,98.1042,97.9262,97.8047,97.7432,97.7432,97.8047,97.9262,98.1042,98.3339,98.6091,98.9222,99.2647,99.6273,100.0000
8.7509,100.0000,99.6323,99.2747,98.9369,98.6280,98.3566,98.1300,97.9544,97.8347,97.7739,97.7739,97.8347,97.9544,98.1300,98.3566,98.6280,98.9369,99.2747,99.6323,100.0000
8.7824,100.0000,99.6374,99.2846,98.9514,98.6467,98.3790,98.1555,97.9823,97.8642,97.8043,97.8043,97.8642,97.9823,98.1555,98.3790,98.6467,98.9514,99.2846,99.6374,100.0000
8.8139,100.0000,99.6423,99.2944,98.9657,98.6652,98.4011,98.1807,98.0099,97.8933,97.8342,97.8342,97.8933,98.0099,98.1807,98.4011,98.6652,98.9657,99.2944,99.6423,100.0000
8.8454,100.0000,99.6472,99.3040,98.9798,98.6834,98.4229,98.2055,98.0370,97.9220,97.8638,97.8638,97.9220,98.0370,98.2055,98.4229,98.6834,98.9798,99.3040,99.6472,100.0000
8.8769,100.0000,99.6520,99.3135,98.9937,98.7014,98.4445,98.2300,98.0638,97.9504,97.8929,97.8929,97.9504,98.0638,98.2300,98.4445,98.7014,98.9937,99.3135,99.6520,100.0000
8.9083,100.0000,99.6567,99.3228,99.0074,98.7191,98.4657,98.2541,98.0902,97.9783,97.9217,97.9217,97.9783,98.0902,98.2541,98.4657,98.7191,99.0074,99.3228,99.6567,100.0000
8.9398,100.0000,99.6614,99.3321,99.0210,98.7365,98.4866,98.2779,98.1162,98.0059,97.9500,97.9500,98.0059,98.1162,98.2779,98.4866,98.7365,99.0210,99.3321,99.6614,100.0000
8.9713,100.0000,99.6660,99.3412,99.0343,98.7538,98.5072,98.3014,98.1419,98.0331,97.9780,97.9780,98.0331,98.1419,98.3014,98.5072,98.7538,99.0343,99.3412,99.6660,100.0000
9.0028,100.0000,99.6706,99.3502,99.0475,98.7708,98.5276,98.3246,98.1673,98.0599,98.0055,98.0055,98.0599,98.1673,98.3246,98.5276,98.7708,99.0475,99.3502,99.6706,100.0000
9.0342,100.0000,99.6751,99.3590,99.0605,98.7875,98.5477,98.3474,98.1923,98.0864,98.0327,98.0327,98.0864,98.1923,98.3474,98.5477,98.7875,99.0605,99.3590,99.6751,100.0000
9.0657,100.0000,99.6795,99.3678,99.0733,98.8041,98.5675,98.3700,98.2169,98.1125,98.0596,98.0596,98.1125,98.2169,98.3700,98.5675,98.8041,99.0733,99.3678,99.6795,100.0000
9.0972,100.0000,99.6839,99.3764,99.0859,98.8204,98.5870,98.3922,98.2412,98.1382,98.0860,98.0860,98.1382,98.2412,98.3922,98.5870,98.8204,99.0859,99.3764,99.6839,100.0000
9.1287,100.0000,99.6882,99.3849,99.0984,98.8365,98.6063,98.4141,98.2652,98.1636,98.1121,98.1121,98.1636,98.2652,98.4141,98.6063,98.8365,99.0984,99.3849,99.6882,100.0000
9.1602,100.0000,99.6925,99.3933,99.1107,98.8523,98.6253,98.4358,98.2889,98.1887,98.1379,98.1379,98.1887,98.2889,98.4358,98.6253,98.8523,99.1107,99.3933,99.6925,100.0000
9.1916,100.0000,99.6966,99.4016,99.1228,98.8680,98.6441,98.4571,98.3122,98.2134,98.1633,98.1633,98.2134,98.3122,98.4571,98.6441,98.8680,99.1228,99.4016,99.6966,100.0000
9.2231,100.0000,99.7008,99.4097,99.1348,98.8834,98.6625,98.4781,98.3352,98.2377,98.1883,98.1883,98.2377,98.3352,98.4781,98.6625,98.8834,99.1348,99.4097,99.7008,100.0000
9.2546,100.0000,99.7049,99.4178,99.1466,98.8987,98.6808,98.4989,98.3579,98.2618,98.2130,98.2130,98.2618,98.3579,98.4989,98.6808,98.8987,99.1466,99.4178,99.7049,100.0000
9.2861,100.0000,99.7089,99.4257,99.1582,98.9137,98.6988,98.5194,98.3803,98.2855,98.2374,98.2374,98.2855,98.3803,98.5194,98.6988,98.9137,99.1582,99.4257,99.7089,100.0000
9.3176,100.0000,99.7129,99.4336,99.1697,98.9285,98.7165,98.5396,98.4024,98.3089,98.2615,98.2615,98.3089,98.4024,98.5396,98.7165,98.9285,99.1697,99.4336,99.7129,100.0000
9.3490,100.0000,99.7168,99.4413,99.1810,98.9431,98.7340,98.5595,98.4242,98.3319,98.2852,98.2852,98.3319,98.4242,98.5595,98.7340,98.9431,99.1810,99.4413,99.7168,100.0000
9.3805,100.0000,99.7206,99.4489,99.1922,98.9575,98.7513,98.5791,98.4457,98.3547,98.3086,98.3086,98.3547,98.4457,98.5791,98.7513,98.9575,99.1922,99.4489,99.7206,100.0000
9.4120,100.0000,99.7245,99.4564,99.2032,98.9717,98.7683,98.5985,98.4669,98.3771,98.3316,98.3316,98.3771,98.4669,98.5985,98.7683,98.9717,99.2032,99.4564,99.7245,100.0000
9.4435,100.0000,99.7282,99.4638,99.2141,98.9858,98.7851,98.6176,98.4878,98.3993,98.3544,98.3544,98.3993,98.4878,98.6176,98.7851,98.9858,99.2141,99.4638,99.7282,100.0000
9.4749,100.0000,99.7319,99.4711,99.2248,98.9996,98.8017,98.6365,98.5084,98.4211,98.3768,98.3768,98.4211,98.5084,98.6365,98.8017,98.9996,99.2248,99.4711,99.7319,100.0000
9.5064,100.0000,99.7356,99.4784,99.2354,99.0132,98.8180,98.6551,98.5288,98.4426,98.3990,98.3990,98.4426,98.5288,98.6551,98.8180,99.0132,99.2354,99.4784,99.7356,100.0000
9.5379,100.0000,99.7392,99.4855,99.2458,99.0267,98.8342,98.6734,98.5488,98.4639,98.4208,98.4208,98.4639,98.5488,98.6734,98.8342,99.0267,99.2458,99.4855,99.7392,100.0000
9.5694,100.0000,99.7427,99.4925,99.2561,99.0400,98.8501,98.6915,98.5686,98.4848,98.4423,98.4423,98.4848,98.5686,98.6915,98.8501,99.0400,99.2561,99.4925,99.7427,100.0000
9.6009,100.0000,99.7462,99.4994,99.2662,99.0531,98.8657,98.7093,98.5882,98.5055,98.4636,98.4636,98.5055,98.5882,98.7093,98.8657,99.0531,99.2662,99.4994,99.7462,100.0000
9.6323,100.0000,99.7497,99.5062,99.2762,99.0660,98.8812,98.7270,98.6074,98.5259,98.4845,98.4845,98.5259,98.6074,98.7270,98.8812,99.0660,99.2762,99.5062,99.7497,100.0000
9.6638,100.0000,99.7531,99.5130,99.2861,99.0787,98.8965,98.7443,98.6264,98.5460,98.5052,98.5052,98.5460,98.6264,98.7443,98.8965,99.0787,99.2861,99.5130,99.7531,100.0000
9.6953,100.0000,99.7565,99.5196,99.2959,99.0913,98.9115,98.7614,98.6451,98.5658,98.5256,98.5256,98.5658,98.6451,98.7614,98.9115,99.0913,99.2959,99.5196,99.7565,100.0000
9.7268,100.0000,99.7598,99.5262,99.3055,99.1037,98.9264,98.7783,98.6636,98.5854,98.5457,98.5457,98.5854,98.6636,98.7783,98.9264,99.1037,99.3055,99.5262,99.7598,100.0000
9.7582,100.0000,99.7631,99.5326,99.3149,99.1159,98.9410,98.7950,98.6818,98.6047,98.5655,98.5655,98.6047,98.6818,98.7950,98.9410,99.1159,99.3149,99.5326,99.7631,100.0000
9.7897,100.0000,99.7663,99.5390,99.3243,99.1280,98.9555,98.8114,98.6998,98.6237,98.5851,98.5851,98.6237,98.6998,98.8114,98.9555,99.1280,99.3243,99.5390,99.7663,100.0000
9.8212,100.0000,99.7695,99.5453,99.3335,99.1399,98.9697,98.8276,98.7176,98.6425,98.6044,98.6044,98.6425,98.7176,98.8276,98.9697,99.1399,99.3335,99.5453,99.7695,100.0000
9.8527,100.0000,99.7726,99.5515,99.3426,99.1516,98.9838,98.8436,98.7351,98.6610,98.6234,98.6234,98.6610,98.7351,98.8436,98.9838,99.1516,99.3426,99.5515,99.7726,100.0000
9.8842,100.0000,99.7757,99.5576,99.3515,99.1632,98.9976,98.8594,98.7523,98.6792,98.6422,98.6422,98.6792,98.7523,98.8594,98.9976,99.1632,99.3515,99.5576,99.7757,100.0000
9.9156,100.0000,99.7788,99.5636,99.3604,99.1746,99.0113,98.8750,98.7693,98.6973,98.6607,98.6607,98.6973,98.7693,98.8750,99.0113,99.1746,99.3604,99.5636,99.7788,100.0000
9.9471,100.0000,99.7818,99.5696,99.3691,99.1858,99.0248,98.8903,98.7861,98.7150,98.6790,98.6790,98.7150,98.7861,98.8903,99.0248,99.1858,99.3691,99.5696,99.7818,100.0000
9.9786,100.0000,99.7848,99.5755,99.3777,99.1969,99.0381,98.9054,98.8027,98.7325,98.6970,98.6970,98.7325,98.8027,98.9054,99.0381,99.1969,99.3777,99.5755,99.7848,100.0000
